Code Department;Code Municipality;Department;Municipality;Longitude;Latitude;TOTAL;Urban Area;Rural Area;;
05;05001;Antioquia;Medellín;-75.58171333;6.246715564;2427129;2382399;44730;;
05;05002;Antioquia;Abejorral;-75.4287381;5.789304485;20367;7674;12693;;
05;05004;Antioquia;Abriaquí;-76.06470346;6.631806452;2695;824;1871;;
05;05021;Antioquia;Alejandría;-75.1413329;6.376065676;4657;2485;2172;;
05;05030;Antioquia;Amagá;-75.70194607;6.038808575;30227;14184;16043;;
05;05031;Antioquia;Amalfi;-75.08252428;6.912304726;25962;14508;11454;;
05;05034;Antioquia;Andes;-75.87879189;5.656774852;43269;20250;23019;;
05;05036;Antioquia;Angelópolis;-75.71135114;6.109614368;5756;2168;3588;;
05;05038;Antioquia;Angostura;-75.33511597;6.885174591;11437;2628;8809;;
05;05040;Antioquia;Anorí;-75.14834842;7.074707669;18321;7634;10687;;
05;05042;Antioquia;Santafé de Antioquia;-75.82707907;6.556533296;26164;16351;9813;;
05;05044;Antioquia;Anza;-75.85444158;6.302658359;7010;1258;5752;;
05;05045;Antioquia;Apartadó;-76.62596065;7.883417406;121003;98454;22549;;
05;05051;Antioquia;Arboletes;-76.4270568;8.850567734;29295;9747;19548;;
05;05055;Antioquia;Argelia;-75.14174146;5.730671879;7689;3412;4277;;
05;05059;Antioquia;Armenia;-75.78683783;6.155818729;5139;1716;3423;;
05;05079;Antioquia;Barbosa;-75.33164423;6.439226882;51969;22174;29795;;
05;05086;Antioquia;Belmira;-75.66737413;6.606159502;6000;1623;4377;;
05;05088;Antioquia;Bello;-75.55466507;6.334068836;522264;495483;26781;;
05;05091;Antioquia;Betania;-75.97554408;5.74474718;10323;3601;6722;;
05;05093;Antioquia;Betulia;-75.98451587;6.115255594;15607;4274;11333;;
05;05101;Antioquia;Ciudad Bolívar;-76.02150921;5.850273232;26118;15604;10514;;
05;05107;Antioquia;Briceño;-75.54813022;7.114882947;8039;2552;5487;;
05;05113;Antioquia;Buriticá;-75.90753473;6.719735175;9354;2235;7119;;
05;05120;Antioquia;Cáceres;-75.35235749;7.578315451;28996;5355;23641;;
05;05125;Antioquia;Caicedo;-75.98281889;6.405567003;8297;1657;6640;;
05;05129;Antioquia;Caldas;-75.63361872;6.091296966;79638;62987;16651;;
05;05134;Antioquia;Campamento;-75.29808843;6.979777682;9203;2466;6737;;
05;05138;Antioquia;Cañasgordas;-76.03220994;6.759477684;15523;5076;10447;;
05;05142;Antioquia;Caracolí;-74.75744944;6.409854727;4582;2739;1843;;
05;05145;Antioquia;Caramanta;-75.64386845;5.548530404;4743;2190;2553;;
05;05147;Antioquia;Carepa;-76.65321034;7.755116346;47932;33009;14923;;
05;05148;Antioquia;El Carmen de Viboral;-75.33536246;6.084551516;59416;34187;25229;;
05;05150;Antioquia;Carolina;-75.28317011;6.725977146;3954;2929;1025;;
05;05154;Antioquia;Caucasia;-75.19829033;7.977362333;90213;76772;13441;;
05;05172;Antioquia;Chigorodó;-76.6812164;7.666300439;57375;47046;10329;;
05;05190;Antioquia;Cisneros;-75.08720761;6.537761957;9775;8415;1360;;
05;05197;Antioquia;Cocorná;-75.18548101;6.058306335;15444;6293;9151;;
05;05206;Antioquia;Concepción;-75.2576027;6.394347095;4797;1908;2889;;
05;05209;Antioquia;Concordia;-75.90750472;6.046568573;21377;7349;14028;;
05;05212;Antioquia;Copacabana;-75.5093439;6.348640545;77884;62343;15541;;
05;05234;Antioquia;Dabeiba;-76.26297665;7.00032194;23044;9042;14002;;
05;05237;Antioquia;Don Matías;-75.39272406;6.484469957;18902;12081;6821;;
05;05240;Antioquia;Ebéjico;-75.76622047;6.326056658;12158;2229;9929;;
05;05250;Antioquia;El Bagre;-74.79909729;7.597521794;51862;32823;19039;;
05;05264;Antioquia;Entrerrios;-75.5178008;6.566481448;11159;5643;5516;;
05;05266;Antioquia;Envigado;-75.58301014;6.167004552;228848;215766;13082;;
05;05282;Antioquia;Fredonia;-75.6705064;5.924368006;24408;8031;16377;;
05;05284;Antioquia;Frontino;-76.13076514;6.776065912;20739;8639;12100;;
05;05306;Antioquia;Giraldo;-75.95215756;6.680808016;5544;2061;3483;;
05;05308;Antioquia;Girardota;-75.44446221;6.379613834;51662;28652;23010;;
05;05310;Antioquia;Gómez Plata;-75.2200382;6.683287586;9753;5017;4736;;
05;05313;Antioquia;Granada;-75.18444508;6.142896667;10117;5541;4576;;
05;05315;Antioquia;Guadalupe;-75.24001859;6.814263455;6560;2223;4337;;
05;05318;Antioquia;Guarne;-75.44165392;6.278064077;55121;18342;36779;;
05;05321;Antioquia;Guatapé;-75.16229259;6.232592707;8363;5420;2943;;
05;05347;Antioquia;Heliconia;-75.73432238;6.206757461;5451;2318;3133;;
05;05353;Antioquia;Hispania;-75.90658827;5.799461575;5469;3416;2053;;
05;05360;Antioquia;Itagui;-75.61435871;6.169597629;276744;247918;28826;;
05;05361;Antioquia;Ituango;-75.76467317;7.17162903;27074;7074;20000;;
05;05364;Antioquia;Jardín;-75.81898092;5.597541741;14518;7659;6859;;
05;05368;Antioquia;Jericó;-75.78549855;5.789747931;13640;7619;6021;;
05;05376;Antioquia;La Ceja;-75.42943089;6.028055744;64889;54820;10069;;
05;05380;Antioquia;La Estrella;-75.64519038;6.15841974;71545;60997;10548;;
05;05390;Antioquia;La Pintada;-75.60781026;5.743807479;8114;7060;1054;;
05;05400;Antioquia;La Unión;-75.3608659;5.973868218;21475;12724;8751;;
05;05411;Antioquia;Liborina;-75.81283227;6.677323053;10028;2296;7732;;
05;05425;Antioquia;Maceo;-74.78716148;6.552116913;8221;3093;5128;;
05;05440;Antioquia;Marinilla;-75.33947788;6.172269255;64645;44230;20415;;
05;05467;Antioquia;Montebello;-75.52351091;5.946325567;6680;1866;4814;;
05;05475;Antioquia;Murindó;-76.81745806;6.977691853;4911;1760;3151;;
05;05480;Antioquia;Mutatá;-76.4358754;7.242875057;13991;5091;8900;;
05;05483;Antioquia;Nariño;-75.17626132;5.610774585;10153;3116;7037;;
05;05490;Antioquia;Necoclí;-76.7845745;8.426135983;42281;10955;31326;;
05;05495;Antioquia;Nechí;-74.77647012;8.094128661;25790;13174;12616;;
05;05501;Antioquia;Olaya;-75.81229873;6.627525738;3127;217;2910;;
05;05541;Antioquia;Peñol;-75.24282171;6.219450549;21049;11022;10027;;
05;05543;Antioquia;Peque;-75.91034556;7.021017918;8097;2296;5801;;
05;05576;Antioquia;Pueblorrico;-75.84077355;5.791786032;8664;4450;4214;;
05;05579;Antioquia;Puerto Berrío;-74.40994553;6.48704114;39314;32623;6691;;
05;05585;Antioquia;Puerto Nare;-74.58301201;6.186024828;14380;4381;9999;;
05;05591;Antioquia;Puerto Triunfo;-74.64126293;5.871212959;18055;2926;15129;;
05;05604;Antioquia;Remedios;-74.69594426;7.026094053;28415;11632;16783;;
05;05607;Antioquia;Retiro;-75.50137516;6.063379954;23514;12479;11035;;
05;05615;Antioquia;Rionegro;-75.37676938;6.14722409;135465;83007;52458;;
05;05628;Antioquia;Sabanalarga;-75.81664609;6.85002589;9032;2955;6077;;
05;05631;Antioquia;Sabaneta;-75.61558529;6.150970181;82375;70401;11974;;
05;05642;Antioquia;Salgar;-75.98204854;5.96564031;18258;6718;11540;;
05;05647;Antioquia;San Andrés de Cuerquía;-75.67473253;6.916808512;7235;2848;4387;;
05;05649;Antioquia;San Carlos;-74.98795256;6.187991569;16247;7362;8885;;
05;05652;Antioquia;San Francisco;-75.10268697;5.964079131;5648;2486;3162;;
05;05656;Antioquia;San Jerónimo;-75.72700058;6.448066608;15361;6704;8657;;
05;05658;Antioquia;San José de La Montaña;-75.68335163;6.850090299;3646;2353;1293;;
05;05659;Antioquia;San Juan de Urabá;-76.52879434;8.759341801;20093;6624;13469;;
05;05660;Antioquia;San Luis;-74.993641;6.042983285;12995;7408;5587;;
05;05664;Antioquia;San Pedro;-75.55671915;6.460138599;21949;11756;10193;;
05;05665;Antioquia;San Pedro de Uraba;-76.38057789;8.276886664;30932;12494;18438;;
05;05667;Antioquia;San Rafael;-75.02798382;6.293754876;15698;7891;7807;;
05;05670;Antioquia;San Roque;-75.01915757;6.485948936;21519;6481;15038;;
05;05674;Antioquia;San Vicente;-75.33261381;6.282155852;22093;5464;16629;;
05;05679;Antioquia;Santa Bárbara;-75.56735178;5.875533398;26784;12083;14701;;
05;05686;Antioquia;Santa Rosa de Osos;-75.46074502;6.643326001;36318;19896;16422;;
05;05690;Antioquia;Santo Domingo;-75.16778371;6.474843293;12394;2808;9586;;
05;05697;Antioquia;El Santuario;-75.26584979;6.137046858;35422;24614;10808;;
05;05736;Antioquia;Segovia;-74.70159107;7.079639679;37900;30133;7767;;
05;05756;Antioquia;Sonson;-75.30939515;5.714811641;36321;17169;19152;;
05;05761;Antioquia;Sopetrán;-75.74725636;6.500985773;15053;6522;8531;;
05;05789;Antioquia;Támesis;-75.71432069;5.664466636;16281;7256;9025;;
05;05790;Antioquia;Tarazá;-75.40140596;7.580120815;26964;12657;14307;;
05;05792;Antioquia;Tarso;-75.82321448;5.863295751;6184;3324;2860;;
05;05809;Antioquia;Titiribí;-75.79154901;6.060980082;10775;4591;6184;;
05;05819;Antioquia;Toledo;-75.69144241;7.010154029;4993;1700;3293;;
05;05837;Antioquia;Turbo;-76.72915844;8.089116411;124552;48787;75765;;
05;05842;Antioquia;Uramita;-76.17340916;6.898494111;6888;2111;4777;;
05;05847;Antioquia;Urrao;-76.13394867;6.317319591;30127;15918;14209;;
05;05854;Antioquia;Valdivia;-75.43919844;7.16534;13801;3637;10164;;
05;05856;Antioquia;Valparaíso;-75.62445889;5.614550725;6498;3639;2859;;
05;05858;Antioquia;Vegachí;-74.79872695;6.77344632;11810;8055;3755;;
05;05861;Antioquia;Venecia;-75.73550324;5.964733583;11602;5089;6513;;
05;05873;Antioquia;Vigía del Fuerte;-76.89618698;6.588119845;9093;3102;5991;;
05;05885;Antioquia;Yalí;-74.84004673;6.676567272;7608;3587;4021;;
05;05887;Antioquia;Yarumal;-75.41883314;6.963872352;41542;29049;12493;;
05;05890;Antioquia;Yolombó;-75.01335058;6.594592434;22538;6768;15770;;
05;05893;Antioquia;Yondó;-73.91245795;7.003940734;19040;9640;9400;;
05;05895;Antioquia;Zaragoza;-74.86707471;7.488583075;24651;11173;13478;;
08;08001;Atlántico;Barranquilla;-74.79525905;10.97592682;1206319;1205284;1035;;
08;08078;Atlántico;Baranoa;-74.91609981;10.79488048;62382;51730;10652;;
08;08137;Atlántico;Campo de La Cruz;-74.88315173;10.37924013;22879;19961;2918;;
08;08141;Atlántico;Candelaria;-74.8799126;10.46121723;15982;11461;4521;;
08;08296;Atlántico;Galapa;-74.8669381;10.919641;60708;56167;4541;;
08;08372;Atlántico;Juan de Acosta;-75.04079914;10.83018223;20999;13095;7904;;
08;08421;Atlántico;Luruaco;-75.14224614;10.61111642;28175;14251;13924;;
08;08433;Atlántico;Malambo;-74.77424057;10.85628724;128203;119878;8325;;
08;08436;Atlántico;Manatí;-74.95703499;10.44896238;19808;17499;2309;;
08;08520;Atlántico;Palmar de Varela;-74.75475789;10.73858326;28932;27728;1204;;
08;08549;Atlántico;Piojó;-75.10747012;10.74934442;6608;2812;3796;;
08;08558;Atlántico;Polonuevo;-74.85425725;10.77772451;18197;15111;3086;;
08;08560;Atlántico;Ponedera;-74.75390044;10.64179593;23848;13652;10196;;
08;08573;Atlántico;Puerto Colombia;-74.85196357;11.02294005;49264;42803;6461;;
08;08606;Atlántico;Repelón;-75.12548162;10.49334167;26200;17608;8592;;
08;08634;Atlántico;Sabanagrande;-74.75850721;10.79107595;32334;30739;1595;;
08;08638;Atlántico;Sabanalarga;-74.92109368;10.63283523;93261;69230;24031;;
08;08675;Atlántico;Santa Lucía;-74.95897145;10.32327321;16023;13676;2347;;
08;08685;Atlántico;Santo Tomás;-74.75411186;10.75605629;29829;28095;1734;;
08;08758;Atlántico;Soledad;-74.78483338;10.91017447;603999;602644;1355;;
08;08770;Atlántico;Suan;-74.88168748;10.33543138;11940;11239;701;;
08;08832;Atlántico;Tubará;-74.97867947;10.87364774;17377;8774;8603;;
08;08849;Atlántico;Usiacurí;-74.97698261;10.74297819;12250;11394;856;;
11;11001;Bogotá, D.C.;Bogotá, D.C.;-74.107359;4.65017303;7412566;7387400;25166;;
13;13001;Bolívar;Cartagena;-75.49643103;10.38498552;973045;876885;96160;;
13;13006;Bolívar;Achí;-74.55706395;8.569110393;24352;5648;18704;;
13;13030;Bolívar;Altos del Rosario;-74.16504945;8.791606399;10972;4001;6971;;
13;13042;Bolívar;Arenal;-73.94111583;8.458630438;7365;4496;2869;;
13;13052;Bolívar;Arjona;-75.34448845;10.25663152;69503;55134;14369;;
13;13062;Bolívar;Arroyohondo;-75.01719268;10.24279848;8254;4719;3535;;
13;13074;Bolívar;Barranco de Loba;-74.10522428;8.947730158;14836;5722;9114;;
13;13140;Bolívar;Calamar;-74.91362928;10.25196336;22474;12718;9756;;
13;13160;Bolívar;Cantagallo;-73.91465024;7.3783156;8234;4520;3714;;
13;13188;Bolívar;Cicuco;-74.64549419;9.274745598;13442;8758;4684;;
13;13212;Bolívar;Córdoba;-74.82746263;9.586907918;15960;4206;11754;;
13;13222;Bolívar;Clemencia;-75.32851201;10.56754177;14511;12169;2342;;
13;13244;Bolívar;El Carmen de Bolívar;-75.12121573;9.718579864;70131;50844;19287;;
13;13248;Bolívar;El Guamo;-74.97611357;10.03091298;8647;4748;3899;;
13;13268;Bolívar;El Peñón;-73.9494155;8.988219476;7651;2886;4765;;
13;13300;Bolívar;Hatillo de Loba;-74.07836471;8.955614891;12317;3166;9151;;
13;13430;Bolívar;Magangué;-74.77017457;9.268563794;133270;92316;40954;;
13;13433;Bolívar;Mahates;-75.19133659;10.23325452;27692;10402;17290;;
13;13440;Bolívar;Margarita;-74.28082176;9.155550472;10673;1860;8813;;
13;13442;Bolívar;María La Baja;-75.30075935;9.982645517;46112;20451;25661;;
13;13458;Bolívar;Montecristo;-74.47170385;8.297136275;16389;4076;12313;;
13;13468;Bolívar;Mompós;-74.42786642;9.243883757;44442;23090;21352;;
13;13473;Bolívar;Morales;-73.86814048;8.276306771;22259;7293;14966;;
13;13490;Bolívar;Norosí;-74.03805913;8.525980787;9212;2314;6898;;
13;13549;Bolívar;Pinillos;-74.46240354;8.915452234;24218;3718;20500;;
13;13580;Bolívar;Regidor;-73.82163802;8.666257728;6723;4223;2500;;
13;13600;Bolívar;Río Viejo ;-73.83994549;8.587627712;10598;5071;5527;;
13;13620;Bolívar;San Cristóbal;-75.06553417;10.39285577;8054;6221;1833;;
13;13647;Bolívar;San Estanislao;-75.15325792;10.3984757;18251;12528;5723;;
13;13650;Bolívar;San Fernando;-74.32386665;9.214179065;12536;2147;10389;;
13;13654;Bolívar;San Jacinto;-75.1210888;9.830219073;23913;20711;3202;;
13;13655;Bolívar;San Jacinto del Cauca;-74.72082643;8.251739321;9935;2566;7369;;
13;13657;Bolívar;San Juan Nepomuceno;-75.08135293;9.953454388;36874;27379;9495;;
13;13667;Bolívar;San Martín de Loba;-74.03901175;8.937090811;14774;7051;7723;;
13;13670;Bolívar;San Pablo;-73.92416855;7.476720672;27190;20829;6361;;
13;13673;Bolívar;Santa Catalina;-75.28776411;10.60505605;14563;5666;8897;;
13;13683;Bolívar;Santa Rosa;-75.36983166;10.44439608;20963;19356;1607;;
13;13688;Bolívar;Santa Rosa del Sur;-74.05284001;7.962854831;32646;19214;13432;;
13;13744;Bolívar;Simití;-73.94731196;7.954176376;18110;6063;12047;;
13;13760;Bolívar;Soplaviento;-75.13642551;10.38845743;10650;10455;195;;
13;13780;Bolívar;Talaigua Nuevo;-74.56762806;9.304889329;13108;6278;6830;;
13;13810;Bolívar;Tiquisio;-74.26354688;8.557741117;18035;6167;11868;;
13;13836;Bolívar;Turbaco;-75.42440917;10.33276916;105166;97294;7872;;
13;13838;Bolívar;Turbaná;-75.44250247;10.27440205;16403;12428;3975;;
13;13873;Bolívar;Villanueva;-75.27475439;10.44449833;23777;20769;3008;;
13;13894;Bolívar;Zambrano;-74.8138396;9.7469139;11880;10507;1373;;
15;15001;Boyacá;Tunja;-73.35548873;5.539953238;172548;163894;8654;;
15;15022;Boyacá;Almeida;-73.3789331;4.970856509;1910;321;1589;;
15;15047;Boyacá;Aquitania;-72.88398481;5.518603543;15377;5777;9600;;
15;15051;Boyacá;Arcabuco;-73.43818476;5.755184269;5831;2378;3453;;
15;15087;Boyacá;Belén;-72.91161957;5.989277861;7481;4495;2986;;
15;15090;Boyacá;Berbeo;-73.12703215;5.22728723;1596;406;1190;;
15;15092;Boyacá;Betéitiva;-72.8090312;5.909907818;1963;327;1636;;
15;15097;Boyacá;Boavita;-72.5849594;6.330652563;5059;2305;2754;;
15;15104;Boyacá;Boyacá;-73.36230272;5.454237164;5089;761;4328;;
15;15106;Boyacá;Briceño;-73.9232597;5.690878897;2198;487;1711;;
15;15109;Boyacá;Buenavista;-73.94230522;5.512431151;4409;757;3652;;
15;15114;Boyacá;Busbanzá;-72.88416175;5.831389532;1118;432;686;;
15;15131;Boyacá;Caldas;-73.865541;5.554575079;3143;245;2898;;
15;15135;Boyacá;Campohermoso;-73.10416792;5.031660681;3121;767;2354;;
15;15162;Boyacá;Cerinza;-72.94827585;5.956028189;3713;1653;2060;;
15;15172;Boyacá;Chinavita;-73.36847648;5.167483821;3209;1231;1978;;
15;15176;Boyacá;Chiquinquirá;-73.81838763;5.61412789;56054;49016;7038;;
15;15180;Boyacá;Chiscas;-72.50183507;6.554050428;3994;879;3115;;
15;15183;Boyacá;Chita;-72.47189235;6.187082996;8045;1976;6069;;
15;15185;Boyacá;Chitaraque;-73.4471004;6.027425133;5830;1158;4672;;
15;15187;Boyacá;Chivatá;-73.28252944;5.558948845;2788;470;2318;;
15;15189;Boyacá;Ciénega;-73.29606129;5.408702192;4635;1207;3428;;
15;15204;Boyacá;Cómbita;-73.32395642;5.634545314;12970;1286;11684;;
15;15212;Boyacá;Coper;-74.04546072;5.474983018;3619;862;2757;;
15;15215;Boyacá;Corrales;-72.84479484;5.828102208;2498;1561;937;;
15;15218;Boyacá;Covarachía;-72.73897793;6.50017746;2806;492;2314;;
15;15223;Boyacá;Cubará;-72.11068776;7.000092875;10319;2182;8137;;
15;15224;Boyacá;Cucaita;-73.45433765;5.544451559;3725;1457;2268;;
15;15226;Boyacá;Cuítiva;-72.96592323;5.58036723;1798;251;1547;;
15;15232;Boyacá;Chíquiza;-73.44946261;5.639834305;4684;332;4352;;
15;15236;Boyacá;Chivor;-73.36689376;4.887781661;2479;681;1798;;
15;15238;Boyacá;Duitama;-73.03060967;5.82298568;122436;107520;14916;;
15;15244;Boyacá;El Cocuy;-72.44472932;6.407716232;4215;2206;2009;;
15;15248;Boyacá;El Espino;-72.49700735;6.483027406;3061;1358;1703;;
15;15272;Boyacá;Firavitoba;-72.99336145;5.66892216;6662;2497;4165;;
15;15276;Boyacá;Floresta;-72.91811131;5.859519124;3266;1152;2114;;
15;15293;Boyacá;Gachantivá;-73.54909239;5.751891082;2789;557;2232;;
15;15296;Boyacá;Gameza;-72.80552935;5.802337805;4850;1327;3523;;
15;15299;Boyacá;Garagoa;-73.36442756;5.083243463;17932;12358;5574;;
15;15317;Boyacá;Guacamayas;-72.500812;6.459666516;1865;624;1241;;
15;15322;Boyacá;Guateque;-73.47120697;5.007320895;10699;7631;3068;;
15;15325;Boyacá;Guayatá;-73.4896964;4.967122531;3400;1117;2283;;
15;15332;Boyacá;Güicán;-72.41176261;6.462863755;4279;1353;2926;;
15;15362;Boyacá;Iza;-72.98017623;5.61169614;1947;1160;787;;
15;15367;Boyacá;Jenesano;-73.36373756;5.385812845;7200;1696;5504;;
15;15368;Boyacá;Jericó;-72.57072349;6.145920383;3929;1201;2728;;
15;15377;Boyacá;Labranzagrande;-72.57777012;5.562687048;3526;1128;2398;;
15;15380;Boyacá;La Capilla;-73.4443474;5.095686992;2689;1012;1677;;
15;15401;Boyacá;La Victoria;-74.23439322;5.52379224;1118;400;718;;
15;15403;Boyacá;La Uvita;-72.5599847;6.316206406;2999;1277;1722;;
15;15407;Boyacá;Villa de Leyva;-73.5246846;5.632661849;16139;7897;8242;;
15;15425;Boyacá;Macanal;-73.31964224;4.972466063;4976;1134;3842;;
15;15442;Boyacá;Maripí;-74.00404995;5.55009071;5741;762;4979;;
15;15455;Boyacá;Miraflores;-73.14563048;5.196515115;8847;5270;3577;;
15;15464;Boyacá;Mongua;-72.79809049;5.754242228;4636;1992;2644;;
15;15466;Boyacá;Monguí;-72.84926001;5.723404072;4234;2327;1907;;
15;15469;Boyacá;Moniquirá;-73.57337039;5.876334811;22572;11539;11033;;
15;15476;Boyacá;Motavita;-73.36784105;5.5776996;5569;742;4827;;
15;15480;Boyacá;Muzo;-74.10275078;5.532462867;8597;5392;3205;;
15;15491;Boyacá;Nobsa;-72.93985317;5.771042624;15976;5026;10950;;
15;15494;Boyacá;Nuevo Colón;-73.45713618;5.355145864;5121;993;4128;;
15;15500;Boyacá;Oicatá;-73.30840398;5.595234239;2821;400;2421;;
15;15507;Boyacá;Otanche;-74.18096474;5.657535713;8018;3449;4569;;
15;15511;Boyacá;Pachavita;-73.39695306;5.140064731;2467;520;1947;;
15;15514;Boyacá;Páez;-73.05431038;5.095234631;3283;1353;1930;;
15;15516;Boyacá;Paipa;-73.11791688;5.77994187;33535;20021;13514;;
15;15518;Boyacá;Pajarito;-72.70320992;5.293665206;2390;960;1430;;
15;15522;Boyacá;Panqueba;-72.45920027;6.443075415;1717;810;907;;
15;15531;Boyacá;Pauna;-73.97844872;5.656322691;7185;2073;5112;;
15;15533;Boyacá;Paya;-72.42377541;5.625698707;2593;481;2112;;
15;15537;Boyacá;Paz de Río;-72.74913738;5.987644906;4285;2788;1497;;
15;15542;Boyacá;Pesca;-73.05087224;5.558807609;6852;2245;4607;;
15;15550;Boyacá;Pisba;-72.48594682;5.721615112;1763;527;1236;;
15;15572;Boyacá;Puerto Boyacá;-74.58799919;5.977934952;46736;32979;13757;;
15;15580;Boyacá;Quípama;-74.17772939;5.518370385;4889;1326;3563;;
15;15599;Boyacá;Ramiriquí;-73.33486896;5.400221644;9887;4053;5834;;
15;15600;Boyacá;Ráquira;-73.63249716;5.539065827;7877;2217;5660;;
15;15621;Boyacá;Rondón;-73.20847397;5.357400116;2407;600;1807;;
15;15632;Boyacá;Saboyá;-73.76466062;5.697733432;13588;978;12610;;
15;15638;Boyacá;Sáchica;-73.54263447;5.583592497;5452;2567;2885;;
15;15646;Boyacá;Samacá;-73.48564359;5.492314591;18298;7075;11223;;
15;15660;Boyacá;San Eduardo;-73.077143;5.22395594;1701;732;969;;
15;15664;Boyacá;San José de Pare;-73.54537245;6.018975771;4988;978;4010;;
15;15667;Boyacá;San Luis de Gaceno;-73.16835942;4.819690447;5499;2444;3055;;
15;15673;Boyacá;San Mateo;-72.55526421;6.401683318;3332;1163;2169;;
15;15676;Boyacá;San Miguel de Sema;-73.72200484;5.518086388;3009;412;2597;;
15;15681;Boyacá;San Pablo de Borbur;-74.06996448;5.650676396;6608;745;5863;;
15;15686;Boyacá;Santana;-73.48122632;6.057413107;7565;2525;5040;;
15;15690;Boyacá;Santa María;-73.26351766;4.857192995;3559;2107;1452;;
15;15693;Boyacá;Santa Rosa de Viterbo;-72.98246092;5.874555597;13066;7937;5129;;
15;15696;Boyacá;Santa Sofía;-73.60270717;5.713269421;3179;1019;2160;;
15;15720;Boyacá;Sativanorte;-72.70845816;6.131136111;2221;680;1541;;
15;15723;Boyacá;Sativasur;-72.71243808;6.093182343;1097;302;795;;
15;15740;Boyacá;Siachoque;-73.24464901;5.511815055;6729;1117;5612;;
15;15753;Boyacá;Soatá;-72.68402498;6.331911937;9066;6407;2659;;
15;15755;Boyacá;Socotá;-72.63665338;6.041161833;7298;1428;5870;;
15;15757;Boyacá;Socha;-72.69196586;5.996713021;7938;4236;3702;;
15;15759;Boyacá;Sogamoso;-72.92304769;5.72568939;127235;111815;15420;;
15;15761;Boyacá;Somondoco;-73.43339298;4.985725507;2910;655;2255;;
15;15762;Boyacá;Sora;-73.45015278;5.566839797;3019;486;2533;;
15;15763;Boyacá;Sotaquirá;-73.24733448;5.765230774;8162;905;7257;;
15;15764;Boyacá;Soracá;-73.33280563;5.500904831;5954;1461;4493;;
15;15774;Boyacá;Susacón;-72.69028925;6.230332074;2717;604;2113;;
15;15776;Boyacá;Sutamarchán;-73.6205861;5.619781419;6092;2103;3989;;
15;15778;Boyacá;Sutatenza;-73.45231714;5.022988994;4233;732;3501;;
15;15790;Boyacá;Tasco;-72.78101116;5.909821031;5882;1625;4257;;
15;15798;Boyacá;Tenza;-73.42058911;5.077074351;3851;1127;2724;;
15;15804;Boyacá;Tibaná;-73.39645722;5.317250924;9051;1729;7322;;
15;15806;Boyacá;Tibasosa;-72.99944921;5.747229977;12940;4238;8702;;
15;15808;Boyacá;Tinjacá;-73.64684734;5.57971331;3266;737;2529;;
15;15810;Boyacá;Tipacoque;-72.69317268;6.418585803;3323;937;2386;;
15;15814;Boyacá;Toca;-73.18479034;5.56646915;8767;4209;4558;;
15;15816;Boyacá;Togüí;-73.51365506;5.937438225;4335;617;3718;;
15;15820;Boyacá;Tópaga;-72.83224493;5.768201449;3617;1054;2563;;
15;15822;Boyacá;Tota;-72.98589814;5.560497374;5179;854;4325;;
15;15832;Boyacá;Tununguá;-73.9331548;5.730582208;1540;256;1284;;
15;15835;Boyacá;Turmequé;-73.49184702;5.323252768;6118;2072;4046;;
15;15837;Boyacá;Tuta;-73.22597294;5.690968244;8266;2320;5946;;
15;15839;Boyacá;Tutazá;-72.85603548;6.032607903;2040;169;1871;;
15;15842;Boyacá;Umbita;-73.45691657;5.221176201;7530;1019;6511;;
15;15861;Boyacá;Ventaquemada;-73.52237325;5.368733979;15706;2345;13361;;
15;15879;Boyacá;Viracachá;-73.29689965;5.436788535;2837;426;2411;;
15;15897;Boyacá;Zetaquira;-73.16905201;5.282116052;4629;1163;3466;;
17;17001;Caldas;Manizales;-75.49104898;5.057688197;434403;405234;29169;;
17;17013;Caldas;Aguadas;-75.45486967;5.610244456;22823;11532;11291;;
17;17042;Caldas;Anserma;-75.78434266;5.236474391;36149;20284;15865;;
17;17050;Caldas;Aranzazu;-75.49125461;5.271141768;10557;6825;3732;;
17;17088;Caldas;Belalcázar;-75.8119183;4.9937939;10660;4583;6077;;
17;17174;Caldas;Chinchiná;-75.60748073;4.985812862;51271;44570;6701;;
17;17272;Caldas;Filadelfia;-75.56247406;5.29709071;11451;3877;7574;;
17;17380;Caldas;La Dorada;-74.65820562;5.444406098;71905;62536;9369;;
17;17388;Caldas;La Merced;-75.54790789;5.39477941;6003;2151;3852;;
17;17433;Caldas;Manzanares;-75.15282885;5.255720253;17928;10221;7707;;
17;17442;Caldas;Marmato;-75.60024162;5.47400482;8888;964;7924;;
17;17444;Caldas;Marquetalia;-75.05309703;5.297524561;13245;6348;6897;;
17;17446;Caldas;Marulanda;-75.25940253;5.284330464;2607;823;1784;;
17;17486;Caldas;Neira;-75.51984208;5.166705703;21024;11564;9460;;
17;17495;Caldas;Norcasia;-74.88954408;5.574795393;6022;4007;2015;;
17;17513;Caldas;Pácora;-75.45962126;5.527171733;15325;7430;7895;;
17;17524;Caldas;Palestina;-75.62150256;5.020571168;15555;4963;10592;;
17;17541;Caldas;Pensilvania;-75.16029852;5.383280594;19908;7706;12202;;
17;17614;Caldas;Riosucio;-75.70206971;5.423680913;50775;18077;32698;;
17;17616;Caldas;Risaralda;-75.76721954;5.164508957;10815;4217;6598;;
17;17653;Caldas;Salamina;-75.48722244;5.403024515;19467;11359;8108;;
17;17662;Caldas;Samaná;-74.99225776;5.413086301;20454;5924;14530;;
17;17665;Caldas;San José;-75.79200444;5.081569475;4835;1282;3553;;
17;17777;Caldas;Supía;-75.64966031;5.446842982;28642;13493;15149;;
17;17867;Caldas;Victoria;-74.91115304;5.3174202;10157;4296;5861;;
17;17873;Caldas;Villamaría;-75.5137606;5.043806686;64652;55894;8758;;
17;17877;Caldas;Viterbo;-75.87060986;5.062664236;12734;10705;2029;;
18;18001;Caquetá;Florencia;-75.60856043;1.61792293;168346;147939;20407;;
18;18029;Caquetá;Albania;-75.87837054;1.328522088;4675;2060;2615;;
18;18094;Caquetá;Belén de Los Andaquies;-75.87247395;1.415786446;11021;6753;4268;;
18;18150;Caquetá;Cartagena del Chairá;-74.84719837;1.335134955;30399;15434;14965;;
18;18205;Caquetá;Curillo;-75.91920435;1.033473748;7593;5261;2332;;
18;18247;Caquetá;El Doncello;-75.28356287;1.679872476;19294;13522;5772;;
18;18256;Caquetá;El Paujil;-75.32612346;1.570373283;18036;8858;9178;;
18;18410;Caquetá;La Montañita;-75.43640776;1.479172635;14714;2467;12247;;
18;18460;Caquetá;Milán;-75.50696203;1.290427202;9723;1001;8722;;
18;18479;Caquetá;Morelia;-75.7245814;1.487623369;3698;2007;1691;;
18;18592;Caquetá;Puerto Rico;-75.15748874;1.908935073;26517;14464;12053;;
18;18610;Caquetá;San José del Fragua;-75.9735381;1.33194848;12797;6292;6505;;
18;18753;Caquetá;San Vicente del Caguán;-74.76734058;2.119786131;50719;23432;27287;;
18;18756;Caquetá;Solano;-75.25370431;0.698977525;11214;2782;8432;;
18;18785;Caquetá;Solita;-75.61973409;0.876668003;6216;3672;2544;;
18;18860;Caquetá;Valparaíso;-75.70658353;1.194583032;6887;2336;4551;;
19;19001;Cauca;Popayán;-76.57406468;2.482503391;318059;266561;51498;;
19;19022;Cauca;Almaguer;-76.85592449;1.913360233;18449;1346;17103;;
19;19050;Cauca;Argelia;-77.24945028;2.256754909;26144;2700;23444;;
19;19075;Cauca;Balboa;-77.21589814;2.040478768;21108;5393;15715;;
19;19100;Cauca;Bolívar;-76.96631204;1.837416404;38048;5020;33028;;
19;19110;Cauca;Buenos Aires;-76.64228059;3.01542683;31436;1218;30218;;
19;19130;Cauca;Cajibío;-76.57088427;2.623338254;42014;2202;39812;;
19;19137;Cauca;Caldono;-76.48444786;2.798130826;39946;2174;37772;;
19;19142;Cauca;Caloto;-76.40848704;3.034070778;30181;5297;24884;;
19;19212;Cauca;Corinto;-76.26131419;3.173815457;25286;12880;12406;;
19;19256;Cauca;El Tambo;-76.81077225;2.45137136;53891;3003;50888;;
19;19290;Cauca;Florencia;-77.07253426;1.682522463;5202;1224;3978;;
19;19300;Cauca;Guachené ;-76.39218874;3.134153295;19671;6480;13191;;
19;19318;Cauca;Guapi;-77.88803347;2.572918366;27616;13932;13684;;
19;19355;Cauca;Inzá;-76.06350272;2.549182984;28879;1308;27571;;
19;19364;Cauca;Jambaló;-76.32387818;2.777837347;17841;1895;15946;;
19;19392;Cauca;La Sierra;-76.76320908;2.179322406;10749;1822;8927;;
19;19397;Cauca;La Vega;-76.7788973;2.001109224;24501;1040;23461;;
19;19418;Cauca;López;-77.24769154;2.846715932;18580;1875;16705;;
19;19450;Cauca;Mercaderes;-77.16584432;1.775772495;22688;5953;16735;;
19;19455;Cauca;Miranda;-76.22886987;3.253095405;31360;17930;13430;;
19;19473;Cauca;Morales;-76.62922056;2.754558567;38838;2472;36366;;
19;19513;Cauca;Padilla;-76.31329089;3.220853836;9937;4478;5459;;
19;19517;Cauca;Paez;-75.97196451;2.641366768;45776;2971;42805;;
19;19532;Cauca;Patía;-76.98097859;2.115670227;36848;13781;23067;;
19;19533;Cauca;Piamonte;-76.32576425;1.117197782;8811;2109;6702;;
19;19548;Cauca;Piendamó;-76.52850592;2.641987578;40818;14271;26547;;
19;19573;Cauca;Puerto Tejada;-76.4173078;3.233294127;41615;36266;5349;;
19;19585;Cauca;Puracé;-76.49563894;2.342644047;17272;1697;15575;;
19;19622;Cauca;Rosas;-76.74035187;2.260979699;11475;1087;10388;;
19;19693;Cauca;San Sebastián;-76.7693316;1.838373887;10948;668;10280;;
19;19698;Cauca;Santander de Quilichao;-76.48537029;3.016053901;110445;52246;58199;;
19;19701;Cauca;Santa Rosa;-76.57397297;1.702420284;5339;672;4667;;
19;19743;Cauca;Silvia;-76.37957042;2.611815645;37337;4492;32845;;
19;19760;Cauca;Sotara;-76.61329815;2.253134067;13939;571;13368;;
19;19780;Cauca;Suárez;-76.69344711;2.959701537;31904;6380;25524;;
19;19785;Cauca;Sucre;-76.92627731;2.038251397;9489;1633;7856;;
19;19807;Cauca;Timbío;-76.68423879;2.349976425;35479;14562;20917;;
19;19809;Cauca;Timbiquí;-77.66756524;2.777413702;26100;6266;19834;;
19;19821;Cauca;Toribio;-76.27112721;2.951450409;35218;2441;32777;;
19;19824;Cauca;Totoró;-76.40244251;2.510229193;24558;1319;23239;;
19;19845;Cauca;Villa Rica;-76.45787266;3.177577926;20693;14267;6426;;
20;20001;Cesar;Valledupar;-73.25938931;10.46048122;490075;431794;58281;;
20;20011;Cesar;Aguachica;-73.59902859;8.310336958;109621;95851;13770;;
20;20013;Cesar;Agustín Codazzi;-73.23839617;10.04045799;60768;48157;12611;;
20;20032;Cesar;Astrea;-73.9758638;9.498161108;20120;10468;9652;;
20;20045;Cesar;Becerril;-73.27923167;9.704606116;21611;16123;5488;;
20;20060;Cesar;Bosconia;-73.88876766;9.9750947;40022;37676;2346;;
20;20175;Cesar;Chimichagua;-73.81332845;9.25827144;34169;13721;20448;;
20;20178;Cesar;Chiriguaná;-73.60014444;9.361189611;27694;16576;11118;;
20;20228;Cesar;Curumaní;-73.54098652;9.201810592;37399;26422;10977;;
20;20238;Cesar;El Copey;-73.96271744;10.14952543;30159;22469;7690;;
20;20250;Cesar;El Paso;-73.74178848;9.668470391;37531;6922;30609;;
20;20295;Cesar;Gamarra;-73.74376;8.320449051;14973;9828;5145;;
20;20310;Cesar;González;-73.38003986;8.389604097;4379;1414;2965;;
20;20383;Cesar;La Gloria;-73.80321012;8.619297878;17150;6034;11116;;
20;20400;Cesar;La Jagua de Ibirico;-73.33422791;9.5638873;46722;35513;11209;;
20;20443;Cesar;Manaure;-73.02832046;10.39089864;10047;8389;1658;;
20;20517;Cesar;Pailitas;-73.62581668;8.956033206;18566;13838;4728;;
20;20550;Cesar;Pelaya;-73.66635487;8.688650964;20683;14363;6320;;
20;20570;Cesar;Pueblo Bello;-73.58901062;10.4150616;27007;8556;18451;;
20;20614;Cesar;Río de Oro;-73.3863952;8.292287384;16837;7859;8978;;
20;20621;Cesar;La Paz;-73.17136291;10.38748954;27759;19622;8137;;
20;20710;Cesar;San Alberto;-73.39422534;7.76082642;26247;20857;5390;;
20;20750;Cesar;San Diego;-73.18121808;10.33303286;19022;10517;8505;;
20;20770;Cesar;San Martín;-73.51097518;7.999895459;26674;14370;12304;;
20;20787;Cesar;Tamalameque;-73.8121728;8.861724986;15339;6072;9267;;
23;23001;Córdoba ;Montería;-75.87557791;8.745132591;490935;388499;102436;;
23;23068;Córdoba ;Ayapel;-75.14629076;8.314446629;46968;27626;19342;;
23;23079;Córdoba ;Buenavista;-75.48089871;8.221165554;21078;7755;13323;;
23;23090;Córdoba ;Canalete;-76.24139652;8.786944523;15353;3840;11513;;
23;23162;Córdoba ;Cereté;-75.79621652;8.888611812;105815;59224;46591;;
23;23168;Córdoba ;Chimá;-75.62689551;9.149480457;17529;3817;13712;;
23;23182;Córdoba ;Chinú;-75.39971962;9.105294089;47917;20083;27834;;
23;23189;Córdoba ;Ciénaga de Oro;-75.62078664;8.875502246;59086;22469;36617;;
23;23300;Córdoba ;Cotorra;-75.79914949;9.037088051;19041;5939;13102;;
23;23350;Córdoba ;La Apartada;-75.33901631;8.05245366;14866;11380;3486;;
23;23417;Córdoba ;Lorica;-75.8159954;9.240855143;113909;53420;60489;;
23;23419;Córdoba ;Los Córdobas;-76.35519288;8.892168997;18717;3768;14949;;
23;23464;Córdoba ;Momil;-75.67796062;9.240711917;19590;11825;7765;;
23;23466;Córdoba ;Montelíbano;-75.41681813;7.973777244;81641;61589;20052;;
23;23500;Córdoba ;Moñitos;-76.12939619;9.245280293;29833;6325;23508;;
23;23555;Córdoba ;Planeta Rica;-75.58324299;8.408202562;64205;41228;22977;;
23;23570;Córdoba ;Pueblo Nuevo;-75.50797138;8.504003297;35655;10167;25488;;
23;23574;Córdoba ;Puerto Escondido;-76.26041108;9.005372178;23649;4209;19440;;
23;23580;Córdoba ;Puerto Libertador;-75.67179975;7.888834815;41873;13220;28653;;
23;23586;Córdoba ;Purísima;-75.72488526;9.239299079;17206;7217;9989;;
23;23660;Córdoba ;Sahagún;-75.4459203;8.943125416;107636;53725;53911;;
23;23670;Córdoba ;San Andrés Sotavento;-75.5088939;9.145162943;48610;9750;38860;;
23;23672;Córdoba ;San Antero;-75.76077297;9.376217345;33878;15995;17883;;
23;23675;Córdoba ;San Bernardo del Viento;-75.95474387;9.352301989;37007;9091;27916;;
23;23678;Córdoba ;San Carlos;-75.69884549;8.799106592;26954;4629;22325;;
23;23682;Córdoba ;San José de Uré(1);-75.5331329;7.78718515;13345;5160;8185;;
23;23686;Córdoba ;San Pelayo;-75.83512552;8.958010321;51838;9105;42733;;
23;23807;Córdoba ;Tierralta;-76.05969659;8.170378684;92349;42254;50095;;
23;23815;Córdoba ;Tuchín;-75.55445092;9.186965875;52606;7576;45030;;
23;23855;Córdoba ;Valencia;-76.15071869;8.255016584;35694;16434;19260;;
25;25001;Cundinamarca;Agua de Dios;-74.66921778;4.375312017;11685;9113;2572;;
25;25019;Cundinamarca;Albán;-74.43826109;4.878022123;6438;1715;4723;;
25;25035;Cundinamarca;Anapoima;-74.52851753;4.562956175;14519;5801;8718;;
25;25040;Cundinamarca;Anolaima;-74.46384203;4.761695213;13816;4327;9489;;
25;25053;Cundinamarca;Arbeláez;-74.41482562;4.272481672;10860;4326;6534;;
25;25086;Cundinamarca;Beltrán;-74.7418023;4.802811459;1789;362;1427;;
25;25095;Cundinamarca;Bituima;-74.53961893;4.872234339;2467;451;2016;;
25;25099;Cundinamarca;Bojacá;-74.34849164;4.741758118;9913;7680;2233;;
25;25120;Cundinamarca;Cabrera;-74.48418723;3.98461914;4722;1114;3608;;
25;25123;Cundinamarca;Cachipay;-74.4357071;4.730954629;9972;3511;6461;;
25;25126;Cundinamarca;Cajicá;-74.02345397;4.920809059;82244;54111;28133;;
25;25148;Cundinamarca;Caparrapí;-74.49111956;5.347943295;12569;3083;9486;;
25;25151;Cundinamarca;Caqueza;-73.9464742;4.40410106;17099;7552;9547;;
25;25154;Cundinamarca;Carmen de Carupa;-73.90157376;5.349115758;7580;2093;5487;;
25;25168;Cundinamarca;Chaguaní;-74.59345529;4.948915827;4182;952;3230;;
25;25175;Cundinamarca;Chía;-74.05034682;4.866065424;132181;105509;26672;;
25;25178;Cundinamarca;Chipaque;-74.04487563;4.442671017;9467;2697;6770;;
25;25181;Cundinamarca;Choachí;-73.92289448;4.527047921;10961;4160;6801;;
25;25183;Cundinamarca;Chocontá;-73.68352344;5.145223894;20568;10554;10014;;
25;25200;Cundinamarca;Cogua;-73.97849669;5.061841798;22067;7653;14414;;
25;25214;Cundinamarca;Cota;-74.10272646;4.812987769;32691;20462;12229;;
25;25224;Cundinamarca;Cucunubá;-73.76621533;5.249767987;7626;1131;6495;;
25;25245;Cundinamarca;El Colegio;-74.44255169;4.579459662;23886;10251;13635;;
25;25258;Cundinamarca;El Peñón;-74.29128594;5.249141171;4681;577;4104;;
25;25260;Cundinamarca;El Rosal;-74.26366739;4.852214275;22065;18958;3107;;
25;25269;Cundinamarca;Facatativá;-74.35022793;4.813064178;139441;125348;14093;;
25;25279;Cundinamarca;Fomeque;-73.89252259;4.485474345;11986;5203;6783;;
25;25281;Cundinamarca;Fosca;-73.93902036;4.339092845;5784;1367;4417;;
25;25286;Cundinamarca;Funza;-74.211525;4.712763015;93154;90671;2483;;
25;25288;Cundinamarca;Fúquene;-73.79585543;5.404040766;4904;168;4736;;
25;25290;Cundinamarca;Fusagasugá;-74.36633393;4.338480851;138498;114722;23776;;
25;25293;Cundinamarca;Gachala;-73.52016136;4.693578672;4436;1546;2890;;
25;25295;Cundinamarca;Gachancipá;-73.87346922;4.990918172;17026;11252;5774;;
25;25297;Cundinamarca;Gachetá;-73.63700651;4.817022162;8425;3388;5037;;
25;25299;Cundinamarca;Gama;-73.61102894;4.7633382;3120;710;2410;;
25;25307;Cundinamarca;Girardot;-74.79779459;4.313078337;101018;95427;5591;;
25;25312;Cundinamarca;Granada;-74.35076611;4.519763473;7179;1840;5339;;
25;25317;Cundinamarca;Guachetá;-73.68709822;5.383741192;13285;5928;7357;;
25;25320;Cundinamarca;Guaduas;-74.60295627;5.071870533;30524;13614;16910;;
25;25322;Cundinamarca;Guasca;-73.87714344;4.866719147;15348;6121;9227;;
25;25324;Cundinamarca;Guataquí;-74.78996878;4.517417235;2848;1204;1644;;
25;25326;Cundinamarca;Guatavita;-73.83287404;4.934139703;6325;2212;4113;;
25;25328;Cundinamarca;Guayabal de Siquima;-74.46743733;4.877968134;4444;1018;3426;;
25;25335;Cundinamarca;Guayabetal;-73.81509376;4.215296629;6232;1967;4265;;
25;25339;Cundinamarca;Gutiérrez;-74.0030419;4.254678867;3410;983;2427;;
25;25368;Cundinamarca;Jerusalén;-74.69541923;4.562308267;2281;800;1481;;
25;25372;Cundinamarca;Junín;-73.66292455;4.790379974;5823;833;4990;;
25;25377;Cundinamarca;La Calera;-73.96974496;4.720344521;29868;13470;16398;;
25;25386;Cundinamarca;La Mesa;-74.46154474;4.631044239;32694;16854;15840;;
25;25394;Cundinamarca;La Palma;-74.39102017;5.358816711;9467;4125;5342;;
25;25398;Cundinamarca;La Peña;-74.39308873;5.200211147;5911;1023;4888;;
25;25402;Cundinamarca;La Vega;-74.33113821;4.993077034;16986;6213;10773;;
25;25407;Cundinamarca;Lenguazaque;-73.71149354;5.306143499;10080;2798;7282;;
25;25426;Cundinamarca;Macheta;-73.608325;5.080198921;6124;1584;4540;;
25;25430;Cundinamarca;Madrid;-74.26562577;4.736129766;112254;102710;9544;;
25;25436;Cundinamarca;Manta;-73.54050247;5.009058389;3737;990;2747;;
25;25438;Cundinamarca;Medina;-73.34912272;4.50661493;8014;4103;3911;;
25;25473;Cundinamarca;Mosquera;-74.23177508;4.711371201;130221;128012;2209;;
25;25483;Cundinamarca;Nariño;-74.82473179;4.399836799;2333;1641;692;;
25;25486;Cundinamarca;Nemocón;-73.87962974;5.067364638;13171;6389;6782;;
25;25488;Cundinamarca;Nilo;-74.61996587;4.305801421;10819;2752;8067;;
25;25489;Cundinamarca;Nimaima;-74.38600738;5.126026248;3589;685;2904;;
25;25491;Cundinamarca;Nocaima;-74.37772796;5.068933019;6092;1918;4174;;
25;25506;Cundinamarca;Venecia;-74.47817821;4.088960943;4218;1202;3016;;
25;25513;Cundinamarca;Pacho;-74.15611662;5.136942297;24413;12714;11699;;
25;25518;Cundinamarca;Paime;-74.15221288;5.37048741;4186;507;3679;;
25;25524;Cundinamarca;Pandi;-74.48664128;4.190392561;4973;1097;3876;;
25;25530;Cundinamarca;Paratebueno;-73.21282724;4.374832781;8328;3455;4873;;
25;25535;Cundinamarca;Pasca;-74.30545993;4.309854412;9105;2763;6342;;
25;25572;Cundinamarca;Puerto Salgar;-74.6528007;5.464956044;15453;11082;4371;;
25;25580;Cundinamarca;Pulí;-74.71447646;4.681785104;3327;679;2648;;
25;25592;Cundinamarca;Quebradanegra;-74.48014501;5.118071005;4724;426;4298;;
25;25594;Cundinamarca;Quetame;-73.86311388;4.329825602;5072;1358;3714;;
25;25596;Cundinamarca;Quipile;-74.53370501;4.744809893;6291;656;5635;;
25;25599;Cundinamarca;Apulo;-74.59380454;4.520347219;8192;3539;4653;;
25;25612;Cundinamarca;Ricaurte;-74.78454297;4.293949747;12881;6867;6014;;
25;25645;Cundinamarca;San Antonio del Tequendama;-74.35144269;4.616138045;11870;907;10963;;
25;25649;Cundinamarca;San Bernardo;-74.42296242;4.179432363;8487;3488;4999;;
25;25653;Cundinamarca;San Cayetano;-74.02475397;5.332937545;4846;601;4245;;
25;25658;Cundinamarca;San Francisco;-74.28967198;4.97291694;10755;4384;6371;;
25;25662;Cundinamarca;San Juan de Río Seco;-74.62191472;4.847575999;8181;2986;5195;;
25;25718;Cundinamarca;Sasaima;-74.43262795;4.962166987;10711;2555;8156;;
25;25736;Cundinamarca;Sesquilé;-73.79612783;5.044729613;11423;3425;7998;;
25;25740;Cundinamarca;Sibaté;-74.25899225;4.489763593;33491;23644;9847;;
25;25743;Cundinamarca;Silvania;-74.40552821;4.381941157;21625;6881;14744;;
25;25745;Cundinamarca;Simijaca;-73.85032035;5.505428098;12847;7407;5440;;
25;25754;Cundinamarca;Soacha;-74.21452753;4.585491658;660179;655025;5154;;
25;25758;Cundinamarca;Sopó;-73.94577489;4.906330809;25782;17435;8347;;
25;25769;Cundinamarca;Subachoque;-74.17270846;4.929079289;15690;7250;8440;;
25;25772;Cundinamarca;Suesca;-73.79828978;5.103516839;17021;7443;9578;;
25;25777;Cundinamarca;Supatá;-74.23540301;5.061619547;5203;1638;3565;;
25;25779;Cundinamarca;Susa;-73.81400325;5.454868004;6454;2175;4279;;
25;25781;Cundinamarca;Sutatausa;-73.85315889;5.247482313;5887;1885;4002;;
25;25785;Cundinamarca;Tabio;-74.09618339;4.917202192;21665;6317;15348;;
25;25793;Cundinamarca;Tausa;-73.88647267;5.196555039;8067;1370;6697;;
25;25797;Cundinamarca;Tena;-74.38953312;4.655339153;9567;596;8971;;
25;25799;Cundinamarca;Tenjo;-74.14395621;4.871960537;21935;8624;13311;;
25;25805;Cundinamarca;Tibacuy;-74.45234352;4.348314659;4335;549;3786;;
25;25807;Cundinamarca;Tibirita;-73.50451403;5.052277838;3158;520;2638;;
25;25815;Cundinamarca;Tocaima;-74.63630492;4.459270864;15735;9589;6146;;
25;25817;Cundinamarca;Tocancipá;-73.91209121;4.964786354;39996;15355;24641;;
25;25823;Cundinamarca;Topaipí;-74.30268797;5.33597335;4139;674;3465;;
25;25839;Cundinamarca;Ubalá;-73.53397993;4.743901408;7717;1432;6285;;
25;25841;Cundinamarca;Ubaque;-73.93346087;4.483802095;6727;1094;5633;;
25;25843;Cundinamarca;Villa de San Diego de Ubate;-73.81434634;5.307540984;42558;31042;11516;;
25;25845;Cundinamarca;Une;-74.02518226;4.402450393;6945;3618;3327;;
25;25851;Cundinamarca;Útica;-74.48312029;5.190590104;4246;2406;1840;;
25;25862;Cundinamarca;Vergara;-74.34636043;5.117304568;6847;1213;5634;;
25;25867;Cundinamarca;Vianí;-74.56132662;4.875205217;4339;1449;2890;;
25;25871;Cundinamarca;Villagómez;-74.19514546;5.273023755;1758;610;1148;;
25;25873;Cundinamarca;Villapinzón;-73.59535467;5.216438372;17187;6373;10814;;
25;25875;Cundinamarca;Villeta;-74.46970495;5.012790639;26873;17985;8888;;
25;25878;Cundinamarca;Viotá;-74.52316032;4.439355814;13234;4286;8948;;
25;25885;Cundinamarca;Yacopí;-74.33802435;5.459290341;12322;2848;9474;;
25;25898;Cundinamarca;Zipacón;-74.37959142;4.759924886;4659;1228;3431;;
25;25899;Cundinamarca;Zipaquirá;-73.99447124;5.025471685;130537;106461;24076;;
27;27001;Chocó;Quibdó;-76.62596936;5.692195187;129237;113124;16113;;
27;27006;Chocó;Acandí;-77.28009788;8.511405952;13999;6895;7104;;
27;27025;Chocó;Alto Baudo;-76.97439919;5.516309869;27584;3356;24228;;
27;27050;Chocó;Atrato;-76.63503746;5.531373511;6063;2858;3205;;
27;27073;Chocó;Bagadó;-76.41529299;5.41055496;11011;2589;8422;;
27;27075;Chocó;Bahía Solano;-77.40275035;6.22224546;10123;6172;3951;;
27;27077;Chocó;Bajo Baudó;-77.36540999;4.954626672;29957;7041;22916;;
27;27099;Chocó;Bojaya;-76.88346949;6.556257444;12073;1158;10915;;
27;27135;Chocó;El Cantón del San Pablo;-76.72685005;5.33533532;6116;2844;3272;;
27;27150;Chocó;Carmen del Darien;-76.97071697;7.158402966;18433;2276;16157;;
27;27160;Chocó;Cértegui;-76.60802121;5.37041379;5635;3321;2314;;
27;27205;Chocó;Condoto;-76.65068266;5.091003208;12663;9696;2967;;
27;27245;Chocó;El Carmen de Atrato;-76.14222986;5.899751361;8193;2510;5683;;
27;27250;Chocó;El Litoral del San Juan;-77.35983784;4.256766706;21669;1843;19826;;
27;27361;Chocó;Istmina;-76.68518032;5.153946496;30742;22258;8484;;
27;27372;Chocó;Juradó;-77.76275092;7.103619083;6685;2511;4174;;
27;27413;Chocó;Lloró;-76.54521063;5.498150801;9786;3376;6410;;
27;27425;Chocó;Medio Atrato;-76.78241422;5.994835471;10672;944;9728;;
27;27430;Chocó;Medio Baudó;-76.94960604;5.193563954;15109;2307;12802;;
27;27450;Chocó;Medio San Juan;-76.69335794;5.100240747;10579;2622;7957;;
27;27491;Chocó;Nóvita;-76.60711814;4.956097009;9153;3498;5655;;
27;27495;Chocó;Nuquí;-77.26290346;5.711957236;16223;1685;14538;;
27;27580;Chocó;Río Iro;-76.47292479;5.186299794;5467;1539;3928;;
27;27600;Chocó;Río Quito;-76.74101656;5.483727751;8236;2335;5901;;
27;27615;Chocó;Riosucio;-77.11310959;7.436631552;53449;14299;39150;;
27;27660;Chocó;San José del Palmar;-76.23284882;4.89759308;5114;1355;3759;;
27;27745;Chocó;Sipí;-76.64440389;4.651204152;3174;742;2432;;
27;27787;Chocó;Tadó;-76.55876602;5.264139949;18011;10753;7258;;
27;27800;Chocó;Unguía;-77.09175303;8.042760782;12854;4343;8511;;
27;27810;Chocó;Unión Panamericana;-76.62840607;5.281095852;6816;2944;3872;;
41;41001;Huila;Neiva;-75.27772259;2.935604415;357392;335994;21398;;
41;41006;Huila;Acevedo;-75.88853156;1.805263228;24774;4640;20134;;
41;41013;Huila;Agrado;-75.77190358;2.259729394;8800;5664;3136;;
41;41016;Huila;Aipe;-75.23903118;3.223597562;16163;10553;5610;;
41;41020;Huila;Algeciras;-75.31537288;2.522447597;22481;10806;11675;;
41;41026;Huila;Altamira;-75.7883629;2.063710886;4275;2425;1850;;
41;41078;Huila;Baraya;-75.05427025;3.153198541;8338;3975;4363;;
41;41132;Huila;Campoalegre;-75.32573546;2.686827401;31087;23787;7300;;
41;41206;Huila;Colombia;-74.80281318;3.376977129;7285;2205;5080;;
41;41244;Huila;Elías;-75.93801084;2.012697094;4211;1439;2772;;
41;41298;Huila;Garzón;-75.62769374;2.196994421;72382;38923;33459;;
41;41306;Huila;Gigante;-75.54121989;2.388235625;24583;9766;14817;;
41;41319;Huila;Guadalupe;-75.75502825;2.025157323;17890;5497;12393;;
41;41349;Huila;Hobo;-75.45115097;2.582867976;7286;5639;1647;;
41;41357;Huila;Iquira;-75.63449748;2.64935907;9248;2652;6596;;
41;41359;Huila;Isnos;-76.21763745;1.92946706;25186;6148;19038;;
41;41378;Huila;La Argentina;-75.97976842;2.198246252;12866;4796;8070;;
41;41396;Huila;La Plata;-75.89145131;2.389646694;61026;25791;35235;;
41;41483;Huila;Nátaga;-75.80878532;2.545352901;6469;2648;3821;;
41;41503;Huila;Oporapa;-75.99517781;2.025054002;11629;2355;9274;;
41;41518;Huila;Paicol;-75.77299232;2.449548949;6583;2775;3808;;
41;41524;Huila;Palermo;-75.43371912;2.888406236;26279;12475;13804;;
41;41530;Huila;Palestina;-76.13312235;1.723444181;11159;1755;9404;;
41;41548;Huila;Pital;-75.80400492;2.266679376;13787;4892;8895;;
41;41551;Huila;Pitalito;-76.0487449;1.852578355;124359;73319;51040;;
41;41615;Huila;Rivera;-75.25854672;2.777570516;24312;11720;12592;;
41;41660;Huila;Saladoblanco;-76.04414126;1.992494881;10444;1844;8600;;
41;41668;Huila;San Agustín;-76.27035968;1.881081298;33028;11158;21870;;
41;41676;Huila;Santa María;-75.58611594;2.939755223;10405;2527;7878;;
41;41770;Huila;Suaza;-75.7950558;1.97584609;21853;4507;17346;;
41;41791;Huila;Tarqui;-75.82357508;2.111321102;17440;5499;11941;;
41;41797;Huila;Tesalia;-75.72984017;2.486050264;10697;5317;5380;;
41;41799;Huila;Tello;-75.13877304;3.067538095;11800;5173;6627;;
41;41801;Huila;Teruel;-75.56703425;2.740968416;8052;4270;3782;;
41;41807;Huila;Timaná;-75.932087;1.974224443;21799;7883;13916;;
41;41872;Huila;Villavieja;-75.21724434;3.22076759;7288;2459;4829;;
41;41885;Huila;Yaguará;-75.51802329;2.664694213;7730;6421;1309;;
44;44001;La Guajira;Riohacha;-72.91148891;11.52875138;188014;126103;61911;;
44;44035;La Guajira;Albania;-72.59852163;11.15748865;29148;15783;13365;;
44;44078;La Guajira;Barrancas;-72.79357567;10.95866671;35743;15818;19925;;
44;44090;La Guajira;Dibulla;-73.30761979;11.2715694;37740;4884;32856;;
44;44098;La Guajira;Distracción;-72.88739268;10.89847259;13016;5871;7145;;
44;44110;La Guajira;El Molino;-72.92674334;10.65350251;7185;6383;802;;
44;44279;La Guajira;Fonseca;-72.84666224;10.88430067;42772;35754;7018;;
44;44378;La Guajira;Hatonuevo;-72.75901658;11.06874303;20044;11905;8139;;
44;44420;La Guajira;La Jagua del Pilar;-73.07167902;10.51021405;3498;2162;1336;;
44;44430;La Guajira;Maicao;-72.24190502;11.37832678;170582;103354;67228;;
44;44560;La Guajira;Manaure;-72.43966737;11.77405659;83072;8625;74447;;
44;44650;La Guajira;San Juan del Cesar;-73.00059321;10.76957868;46953;30385;16568;;
44;44847;La Guajira;Uribia;-72.26476063;11.71464582;163462;7698;155764;;
44;44855;La Guajira;Urumita;-73.01250679;10.56016864;10985;9423;1562;;
44;44874;La Guajira;Villanueva;-72.97762278;10.60881169;28346;26488;1858;;
47;47001;Magdalena;Santa Marta;-74.19089412;11.2294335;499192;455299;43893;;
47;47030;Magdalena;Algarrobo;-74.06113245;10.18803886;15511;10096;5415;;
47;47053;Magdalena;Aracataca;-74.18676284;10.58980001;39857;23623;16234;;
47;47058;Magdalena;Ariguaní;-74.23649889;9.847057076;30218;19075;11143;;
47;47161;Magdalena;Cerro San Antonio;-74.868473;10.32565943;9890;5365;4525;;
47;47170;Magdalena;Chivolo;-74.62313794;10.02684116;21862;13782;8080;;
47;47189;Magdalena;Ciénaga;-74.24128616;11.00665688;120071;104999;15072;;
47;47205;Magdalena;Concordia;-74.8330299;10.25731061;10505;4177;6328;;
47;47245;Magdalena;El Banco;-73.97428121;9.008733009;65457;41881;23576;;
47;47258;Magdalena;El Piñon;-74.82329109;10.40309454;22530;7445;15085;;
47;47268;Magdalena;El Retén;-74.2684561;10.61066766;19697;15549;4148;;
47;47288;Magdalena;Fundación;-74.19134346;10.5140924;66433;56814;9619;;
47;47318;Magdalena;Guamal;-74.22369928;9.144385832;26620;8437;18183;;
47;47460;Magdalena;Nueva Granada;-74.39223564;9.801547971;19663;8132;11531;;
47;47541;Magdalena;Pedraza;-74.91545773;10.18820578;9196;3017;6179;;
47;47545;Magdalena;Pijiño del Carmen;-74.45821824;9.331953112;12093;5710;6383;;
47;47551;Magdalena;Pivijay;-74.61351795;10.46069324;37341;21777;15564;;
47;47555;Magdalena;Plato;-74.78468286;9.796769868;61766;47141;14625;;
47;47570;Magdalena;Puebloviejo;-74.28248423;10.99482965;29824;9897;19927;;
47;47605;Magdalena;Remolino;-74.71614047;10.70217005;11445;7375;4070;;
47;47660;Magdalena;Sabanas de San Angel;-74.2139389;10.03253601;15644;4559;11085;;
47;47675;Magdalena;Salamina;-74.79418892;10.49122904;10733;7151;3582;;
47;47692;Magdalena;San Sebastián de Buenavista;-74.35167514;9.24050525;19523;6071;13452;;
47;47703;Magdalena;San Zenón;-74.4989915;9.245060603;11681;1470;10211;;
47;47707;Magdalena;Santa Ana;-74.56765762;9.321837859;25438;13851;11587;;
47;47720;Magdalena;Santa Bárbara de Pinto;-74.70468582;9.432257137;10575;6616;3959;;
47;47745;Magdalena;Sitionuevo;-74.72016921;10.77540964;27128;14239;12889;;
47;47798;Magdalena;Tenerife;-74.8607752;9.897787141;13236;6511;6725;;
47;47960;Magdalena;Zapayán;-74.71687797;10.16829671;9895;3846;6049;;
47;47980;Magdalena;Zona Bananera;-74.14008184;10.76302682;68722;4415;64307;;
50;50001;Meta;Villavicencio;-73.62709204;4.1238615;531275;492052;39223;;
50;50006;Meta;Acacías;-73.76593665;3.990120663;88023;67906;20117;;
50;50110;Meta;Barranca de Upía;-72.96433381;4.570622971;6440;4425;2015;;
50;50124;Meta;Cabuyaro;-72.79197878;4.285923848;6062;2993;3069;;
50;50150;Meta;Castilla la Nueva;-73.6881296;3.828040352;14300;6154;8146;;
50;50223;Meta;Cubarral;-73.83921349;3.794089465;6963;4576;2387;;
50;50226;Meta;Cumaral;-73.48610878;4.269537766;22831;15006;7825;;
50;50245;Meta;El Calvario;-73.71332879;4.352622053;1776;590;1186;;
50;50251;Meta;El Castillo;-73.79401276;3.563834019;7977;3020;4957;;
50;50270;Meta;El Dorado;-73.835012;3.740004078;3888;1412;2476;;
50;50287;Meta;Fuente de Oro;-73.61798161;3.462868031;12129;6923;5206;;
50;50313;Meta;Granada;-73.70571533;3.546694724;68876;58293;10583;;
50;50318;Meta;Guamal;-73.77033863;3.880638599;14119;9609;4510;;
50;50325;Meta;Mapiripán;-72.13564487;2.896439137;7007;2471;4536;;
50;50330;Meta;Mesetas;-74.04368085;3.383924761;11159;4546;6613;;
50;50350;Meta;La Macarena;-73.78706882;2.17821427;26890;4723;22167;;
50;50370;Meta;Uribe;-74.35154535;3.239652997;9284;2128;7156;;
50;50400;Meta;Lejanías;-74.024022;3.525919845;11463;4823;6640;;
50;50450;Meta;Puerto Concordia;-72.76004759;2.623082153;8390;3420;4970;;
50;50568;Meta;Puerto Gaitán;-72.08307894;4.314487455;41513;20659;20854;;
50;50573;Meta;Puerto López;-72.95743626;4.093406425;30399;18575;11824;;
50;50577;Meta;Puerto Lleras;-73.37374343;3.269732439;10423;4087;6336;;
50;50590;Meta;Puerto Rico;-73.20651333;2.939743676;13061;6439;6622;;
50;50606;Meta;Restrepo;-73.56460418;4.260731994;18268;12190;6078;;
50;50680;Meta;San Carlos de Guaroa;-73.24140912;3.71053664;12296;6300;5996;;
50;50683;Meta;San Juan de Arama;-73.87583154;3.373727874;9118;4357;4761;;
50;50686;Meta;San Juanito;-73.67669903;4.458180005;1307;672;635;;
50;50689;Meta;San Martín;-73.69561782;3.701879876;26707;19458;7249;;
50;50711;Meta;Vistahermosa;-73.75116676;3.1257521;17778;7254;10524;;
52;52001;Nariño;Pasto;-77.27857635;1.212124365;392930;308095;84835;;
52;52019;Nariño;Albán;-77.08071233;1.474978015;9642;2691;6951;;
52;52022;Nariño;Aldana;-77.70035656;0.882181195;7392;1549;5843;;
52;52036;Nariño;Ancuyá;-77.51451329;1.263299977;8801;2147;6654;;
52;52051;Nariño;Arboleda;-77.13539889;1.503536564;8443;1172;7271;;
52;52079;Nariño;Barbacoas;-78.13989493;1.670345194;55633;12075;43558;;
52;52083;Nariño;Belén;-77.01566573;1.595676066;6322;3262;3060;;
52;52110;Nariño;Buesaco;-77.15647975;1.381434415;23908;6552;17356;;
52;52203;Nariño;Colón;-77.01977704;1.643874302;8526;1089;7437;;
52;52207;Nariño;Consaca;-77.46510211;1.207623056;13784;2146;11638;;
52;52210;Nariño;Contadero;-77.54940902;0.910457863;7270;1310;5960;;
52;52215;Nariño;Córdoba;-77.51789656;0.854564418;15516;3081;12435;;
52;52224;Nariño;Cuaspud;-77.72894683;0.862978103;9201;2708;6493;;
52;52227;Nariño;Cumbal;-77.79227662;0.906185361;36864;6835;30029;;
52;52233;Nariño;Cumbitara;-77.57814673;1.646845971;5948;1608;4340;;
52;52240;Nariño;Chachagüí;-77.28170144;1.36032802;15354;4332;11022;;
52;52250;Nariño;El Charco;-78.109849;2.477550593;22505;7234;15271;;
52;52254;Nariño;El Peñol;-77.43785937;1.452892601;7446;1340;6106;;
52;52256;Nariño;El Rosario;-77.33456556;1.742475705;12280;1781;10499;;
52;52258;Nariño;El Tablón de Gómez;-77.09673083;1.427054031;14342;1583;12759;;
52;52260;Nariño;El Tambo;-77.39020466;1.407643422;14283;5251;9032;;
52;52287;Nariño;Funes;-77.4489786;1.001135181;7222;3091;4131;;
52;52317;Nariño;Guachucal;-77.73158986;0.959743484;19450;3071;16379;;
52;52320;Nariño;Guaitarilla;-77.54968882;1.129632504;11582;4378;7204;;
52;52323;Nariño;Gualmatán;-77.56681512;0.91980291;7057;2994;4063;;
52;52352;Nariño;Iles;-77.5209759;0.969205287;7662;2133;5529;;
52;52354;Nariño;Imués;-77.49617816;1.055137709;7657;1016;6641;;
52;52356;Nariño;Ipiales;-77.64640075;0.827734241;116136;77343;38793;;
52;52378;Nariño;La Cruz;-76.97053174;1.601339314;18754;8018;10736;;
52;52381;Nariño;La Florida;-77.40643084;1.299192232;10104;1980;8124;;
52;52385;Nariño;La Llanada;-77.58071165;1.472636197;6492;3156;3336;;
52;52390;Nariño;La Tola;-78.19039205;2.398212191;7411;2928;4483;;
52;52399;Nariño;La Unión;-77.13115435;1.600268613;31858;12793;19065;;
52;52405;Nariño;Leiva;-77.30621378;1.934516214;9768;2967;6801;;
52;52411;Nariño;Linares;-77.52193996;1.351145073;10236;2230;8006;;
52;52418;Nariño;Los Andes;-77.52132596;1.494547405;9547;4376;5171;;
52;52427;Nariño;Magüi;-78.18106078;1.765313671;24705;7325;17380;;
52;52435;Nariño;Mallama;-77.86442829;1.14083897;8976;1218;7758;;
52;52473;Nariño;Mosquera;-78.45298541;2.507116414;11984;5677;6307;;
52;52480;Nariño;Nariño;-77.35797213;1.288978992;4364;2653;1711;;
52;52490;Nariño;Olaya Herrera;-78.32561871;2.347584488;25358;10859;14499;;
52;52506;Nariño;Ospina;-77.56606698;1.058491691;7105;1965;5140;;
52;52520;Nariño;Francisco Pizarro;-78.65818187;2.040809056;14193;5423;8770;;
52;52540;Nariño;Policarpa;-77.45926539;1.62813872;9897;2596;7301;;
52;52560;Nariño;Potosí;-77.57279178;0.806340417;10414;2097;8317;;
52;52565;Nariño;Providencia;-77.59659215;1.237691504;5572;1501;4071;;
52;52573;Nariño;Puerres;-77.50421065;0.885125175;8581;3451;5130;;
52;52585;Nariño;Pupiales;-77.63350443;0.867139628;17491;6192;11299;;
52;52612;Nariño;Ricaurte;-77.99544487;1.212931458;19631;2399;17232;;
52;52621;Nariño;Roberto Payán;-78.24566252;1.697744768;12667;3389;9278;;
52;52678;Nariño;Samaniego;-77.59445713;1.335351879;29414;9462;19952;;
52;52683;Nariño;Sandoná;-77.46956757;1.28613693;20773;10112;10661;;
52;52685;Nariño;San Bernardo;-77.04740277;1.514253666;9202;2595;6607;;
52;52687;Nariño;San Lorenzo;-77.21523165;1.503340987;18473;2180;16293;;
52;52693;Nariño;San Pablo;-77.01392439;1.669426894;15389;4051;11338;;
52;52694;Nariño;San Pedro de Cartago;-77.1191975;1.551658844;6843;849;5994;;
52;52696;Nariño;Santa Bárbara;-77.97908278;2.449548194;13427;3608;9819;;
52;52699;Nariño;Santacruz;-77.67702224;1.221985919;10796;1529;9267;;
52;52720;Nariño;Sapuyes;-77.62030027;1.037527856;7346;1436;5910;;
52;52786;Nariño;Taminango;-77.2802216;1.570047767;17854;3999;13855;;
52;52788;Nariño;Tangua;-77.39269418;1.094880515;13507;2763;10744;;
52;52835;Nariño;San Andrés de Tumaco;-78.76385415;1.80711725;253637;86320;167317;;
52;52838;Nariño;Túquerres;-77.61688638;1.085193359;44729;17302;27427;;
52;52885;Nariño;Yacuanquer;-77.40282382;1.114556241;10938;3326;7612;;
54;54001;Norte de Santander;Cúcuta;-72.5082562;7.905306295;711715;685445;26270;;
54;54003;Norte de Santander;Abrego;-73.2217344;8.081784141;31786;15896;15890;;
54;54051;Norte de Santander;Arboledas;-72.79887452;7.64297044;9605;2207;7398;;
54;54099;Norte de Santander;Bochalema;-72.64703809;7.612168052;8105;3038;5067;;
54;54109;Norte de Santander;Bucarasica;-72.86795437;8.041167343;6248;502;5746;;
54;54125;Norte de Santander;Cácota;-72.64205884;7.268705462;2781;913;1868;;
54;54128;Norte de Santander;Cachirá;-73.04874552;7.740905158;10995;1772;9223;;
54;54172;Norte de Santander;Chinácota;-72.60467824;7.600957669;17263;11083;6180;;
54;54174;Norte de Santander;Chitagá;-72.66543492;7.138122324;11564;4331;7233;;
54;54206;Norte de Santander;Convención;-73.33720845;8.470368933;18463;7417;11046;;
54;54223;Norte de Santander;Cucutilla;-72.77257191;7.538987137;8095;1502;6593;;
54;54239;Norte de Santander;Durania;-72.65860469;7.714779625;4541;2216;2325;;
54;54245;Norte de Santander;El Carmen;-73.44668712;8.510578756;13144;2196;10948;;
54;54250;Norte de Santander;El Tarra;-73.09484592;8.576771365;20093;8371;11722;;
54;54261;Norte de Santander;El Zulia;-72.60466818;7.938229487;26700;16307;10393;;
54;54313;Norte de Santander;Gramalote;-72.78683006;7.916581824;7295;2482;4813;;
54;54344;Norte de Santander;Hacarí;-73.14597535;8.321714562;9998;1339;8659;;
54;54347;Norte de Santander;Herrán;-72.48351934;7.506540865;6755;1204;5551;;
54;54377;Norte de Santander;Labateca;-72.49587415;7.298339256;6268;1619;4649;;
54;54385;Norte de Santander;La Esperanza;-73.32789745;7.639990913;11358;1660;9698;;
54;54398;Norte de Santander;La Playa;-73.23864867;8.212627106;7582;851;6731;;
54;54405;Norte de Santander;Los Patios;-72.50571256;7.833256289;89091;86266;2825;;
54;54418;Norte de Santander;Lourdes;-72.83251126;7.944519557;3954;1831;2123;;
54;54480;Norte de Santander;Mutiscua;-72.74713854;7.300280499;4163;796;3367;;
54;54498;Norte de Santander;Ocaña;-73.3558144;8.247453792;118273;106159;12114;;
54;54518;Norte de Santander;Pamplona;-72.64768144;7.37285018;50025;46013;4012;;
54;54520;Norte de Santander;Pamplonita;-72.63920376;7.43674668;5402;1091;4311;;
54;54553;Norte de Santander;Puerto Santander;-72.41031378;8.360945615;8502;7938;564;;
54;54599;Norte de Santander;Ragonvalia;-72.47670824;7.577861415;5899;2874;3025;;
54;54660;Norte de Santander;Salazar;-72.81312435;7.773671228;10205;3845;6360;;
54;54670;Norte de Santander;San Calixto;-73.20605269;8.40015189;12011;2008;10003;;
54;54673;Norte de Santander;San Cayetano;-72.62541163;7.875532739;6978;2288;4690;;
54;54680;Norte de Santander;Santiago;-72.71661777;7.86516264;3361;1749;1612;;
54;54720;Norte de Santander;Sardinata;-72.80075838;8.082013666;25142;9398;15744;;
54;54743;Norte de Santander;Silos;-72.75706248;7.204786615;6162;871;5291;;
54;54800;Norte de Santander;Teorama;-73.28740929;8.436377338;16193;2518;13675;;
54;54810;Norte de Santander;Tibú;-72.73591863;8.639548853;53586;19627;33959;;
54;54820;Norte de Santander;Toledo;-72.48510732;7.310031828;15440;5273;10167;;
54;54871;Norte de Santander;Villa Caro;-72.97365239;7.914278305;4996;2179;2817;;
54;54874;Norte de Santander;Villa del Rosario;-72.47006734;7.847487432;101952;98637;3315;;
63;63001;Quindio;Armenia;-75.68075076;4.535989502;295208;287245;7963;;
63;63111;Quindio;Buenavista;-75.73933006;4.360325225;3095;1212;1883;;
63;63130;Quindio;Calarca;-75.64908836;4.515281846;72783;56505;16278;;
63;63190;Quindio;Circasia;-75.63652823;4.617792043;28162;21025;7137;;
63;63212;Quindio;Córdoba;-75.68786636;4.392485449;5642;3363;2279;;
63;63272;Quindio;Filandia;-75.65868588;4.674145572;12066;6640;5426;;
63;63302;Quindio;Génova;-75.78981661;4.207477888;7516;4269;3247;;
63;63401;Quindio;La Tebaida;-75.78646018;4.453650416;33451;29752;3699;;
63;63470;Quindio;Montenegro;-75.75181224;4.562959743;36751;30130;6621;;
63;63548;Quindio;Pijao;-75.703317;4.33503789;5219;2977;2242;;
63;63594;Quindio;Quimbaya;-75.7650742;4.624386086;30751;24913;5838;;
63;63690;Quindio;Salento;-75.57084419;4.637156761;9260;3879;5381;;
66;66001;Risaralda;Pereira;-75.71712306;4.805680265;467269;385838;81431;;
66;66045;Risaralda;Apía;-75.94193069;5.105739367;12406;5453;6953;;
66;66075;Risaralda;Balboa;-75.96022168;4.945769195;6423;1518;4905;;
66;66088;Risaralda;Belén de Umbría;-75.86821852;5.200645376;24690;12460;12230;;
66;66170;Risaralda;Dosquebradas;-75.68246912;4.827187832;217178;204280;12898;;
66;66318;Risaralda;Guática;-75.7993628;5.316209512;12158;3558;8600;;
66;66383;Risaralda;La Celia;-76.00307565;5.002847301;7514;2881;4633;;
66;66400;Risaralda;La Virginia;-75.88405843;4.898666957;27923;27189;734;;
66;66440;Risaralda;Marsella;-75.73858326;4.935559519;16940;8521;8419;;
66;66456;Risaralda;Mistrató;-75.88286047;5.297059061;16950;3892;13058;;
66;66572;Risaralda;Pueblo Rico;-76.03066815;5.221912104;16156;2740;13416;;
66;66594;Risaralda;Quinchía;-75.7304126;5.34044568;27292;7209;20083;;
66;66682;Risaralda;Santa Rosa de Cabal;-75.62001066;4.867526454;77838;64297;13541;;
66;66687;Risaralda;Santuario;-75.96211553;5.072781139;12664;6328;6336;;
68;68001;Santander;Bucaramanga;-73.13259818;7.116267276;581130;570752;10378;;
68;68013;Santander;Aguada;-73.52323684;6.162237533;1855;313;1542;;
68;68020;Santander;Albania;-73.91385377;5.75887024;4129;597;3532;;
68;68051;Santander;Aratoca;-73.01784989;6.694439966;8229;2380;5849;;
68;68077;Santander;Barbosa;-73.61599887;5.932609875;31050;23249;7801;;
68;68079;Santander;Barichara;-73.22309933;6.634229273;10486;3113;7373;;
68;68081;Santander;Barrancabermeja;-73.84995698;7.064963864;203537;177272;26265;;
68;68092;Santander;Betulia;-73.28366913;6.899525365;5941;1313;4628;;
68;68101;Santander;Bolívar;-73.77134641;5.988952616;11287;1495;9792;;
68;68121;Santander;Cabrera;-73.2465029;6.592260802;1937;395;1542;;
68;68132;Santander;California;-72.9463583;7.347884751;2130;931;1199;;
68;68147;Santander;Capitanejo;-72.69919959;6.533179982;5505;3452;2053;;
68;68152;Santander;Carcasí;-72.62708287;6.628732408;4292;640;3652;;
68;68160;Santander;Cepitá;-72.97353646;6.753518402;2015;517;1498;;
68;68162;Santander;Cerrito;-72.69234535;6.844243582;6729;3329;3400;;
68;68167;Santander;Charalá;-73.14687039;6.284348897;12270;7218;5052;;
68;68169;Santander;Charta;-72.96879846;7.280820472;2888;716;2172;;
68;68176;Santander;Chima;-73.37374774;6.344351721;2875;810;2065;;
68;68179;Santander;Chipatá;-73.63711064;6.062520904;5075;637;4438;;
68;68190;Santander;Cimitarra;-73.95258212;6.320681867;32947;13943;19004;;
68;68207;Santander;Concepción;-72.69459425;6.768836528;5738;2780;2958;;
68;68209;Santander;Confines;-73.24055388;6.35732749;3159;687;2472;;
68;68211;Santander;Contratación;-73.47442637;6.290561328;3679;2798;881;;
68;68217;Santander;Coromoro;-73.04081675;6.294994914;5015;723;4292;;
68;68229;Santander;Curití;-73.06939052;6.605106785;12717;4577;8140;;
68;68235;Santander;El Carmen de Chucurí;-73.51126774;6.697911451;20916;2821;18095;;
68;68245;Santander;El Guacamayo;-73.49689291;6.245119007;2167;677;1490;;
68;68250;Santander;El Peñón;-73.81691092;6.054277046;5279;712;4567;;
68;68255;Santander;El Playón;-73.20287793;7.470719593;13713;7037;6676;;
68;68264;Santander;Encino;-73.09873802;6.137402497;2552;526;2026;;
68;68266;Santander;Enciso;-72.69964704;6.66803389;3461;849;2612;;
68;68271;Santander;Florián;-73.97142307;5.804666368;5562;1218;4344;;
68;68276;Santander;Floridablanca;-73.09903262;7.072360403;291935;280025;11910;;
68;68296;Santander;Galán;-73.28776473;6.638415002;2886;812;2074;;
68;68298;Santander;Gambita;-73.34418354;5.945981203;4021;653;3368;;
68;68307;Santander;Girón;-73.16825587;7.072775109;160403;141107;19296;;
68;68318;Santander;Guaca;-72.85632201;6.876563452;5916;1508;4408;;
68;68320;Santander;Guadalupe;-73.41929203;6.245846765;4511;1693;2818;;
68;68322;Santander;Guapotá;-73.32069909;6.308588013;2375;665;1710;;
68;68324;Santander;Guavatá;-73.7008021;5.954136076;4230;1027;3203;;
68;68327;Santander;Güepsa;-73.57532595;6.024849176;5114;3071;2043;;
68;68344;Santander;Hato;-73.30814481;6.542963886;2328;657;1671;;
68;68368;Santander;Jesús María;-73.78332817;5.876543464;3342;719;2623;;
68;68370;Santander;Jordán;-73.09605306;6.732727095;1314;99;1215;;
68;68377;Santander;La Belleza;-73.96562587;5.859549848;6198;1696;4502;;
68;68385;Santander;Landázuri;-73.81108528;6.218748615;10384;3182;7202;;
68;68397;Santander;La Paz;-73.58959003;6.178509326;4953;756;4197;;
68;68406;Santander;Lebríja;-73.21955144;7.113356081;41835;22732;19103;;
68;68418;Santander;Los Santos;-73.10265667;6.755175194;14106;1643;12463;;
68;68425;Santander;Macaravita;-72.59310546;6.506580428;2171;280;1891;;
68;68432;Santander;Málaga;-72.7323798;6.703058458;20945;18091;2854;;
68;68444;Santander;Matanza;-73.01556564;7.323175124;4976;1445;3531;;
68;68464;Santander;Mogotes;-72.96981379;6.475209953;10527;4135;6392;;
68;68468;Santander;Molagavita;-72.80947223;6.674357231;4137;620;3517;;
68;68498;Santander;Ocamonte;-73.12256304;6.33998773;5661;809;4852;;
68;68500;Santander;Oiba;-73.29978602;6.265175133;10800;4791;6009;;
68;68502;Santander;Onzaga;-72.81675984;6.344093685;4183;1232;2951;;
68;68522;Santander;Palmar;-73.29109018;6.537789332;1361;467;894;;
68;68524;Santander;Palmas del Socorro;-73.28776397;6.406138656;2535;779;1756;;
68;68533;Santander;Páramo;-73.17039954;6.416592378;4654;1251;3403;;
68;68547;Santander;Piedecuesta;-73.05466085;6.997475804;170625;139273;31352;;
68;68549;Santander;Pinchote;-73.17291432;6.53206027;5162;1072;4090;;
68;68572;Santander;Puente Nacional;-73.6781341;5.877962665;14654;5440;9214;;
68;68573;Santander;Puerto Parra;-74.05609429;6.650806702;7640;2605;5035;;
68;68575;Santander;Puerto Wilches;-73.89933402;7.349066144;32791;16175;16616;;
68;68615;Santander;Rionegro;-73.15014691;7.265010486;26438;6338;20100;;
68;68655;Santander;Sabana de Torres;-73.49905016;7.391911944;33055;22512;10543;;
68;68669;Santander;San Andrés;-72.84880424;6.812310152;8683;3121;5562;;
68;68673;Santander;San Benito;-73.50938735;6.126244581;2950;277;2673;;
68;68679;Santander;San Gil;-73.1368815;6.555609467;56037;49050;6987;;
68;68682;Santander;San Joaquín;-72.86763812;6.427547936;2241;819;1422;;
68;68684;Santander;San José de Miranda;-72.73361596;6.658994797;4367;889;3478;;
68;68686;Santander;San Miguel;-72.64415509;6.575625393;2531;629;1902;;
68;68689;Santander;San Vicente de Chucurí;-73.41102393;6.880382935;33133;12288;20845;;
68;68705;Santander;Santa Bárbara;-72.90733628;6.990510681;2401;265;2136;;
68;68720;Santander;Santa Helena del Opón;-73.61679327;6.33964535;3389;768;2621;;
68;68745;Santander;Simacota;-73.33736767;6.443471137;10042;2185;7857;;
68;68755;Santander;Socorro;-73.26119642;6.463855516;32158;26232;5926;;
68;68770;Santander;Suaita;-73.43841636;6.103542295;10031;2136;7895;;
68;68773;Santander;Sucre;-73.79097463;5.918743412;7202;550;6652;;
68;68780;Santander;Suratá;-72.98423197;7.366579569;3975;909;3066;;
68;68820;Santander;Tona;-72.96601826;7.202735241;7373;538;6835;;
68;68855;Santander;Valle de San José;-73.14373727;6.447789687;6084;2408;3676;;
68;68861;Santander;Vélez;-73.66629907;6.010953449;24356;13159;11197;;
68;68867;Santander;Vetas;-72.87104088;7.309810023;2114;729;1385;;
68;68872;Santander;Villanueva;-73.17430669;6.670077672;7873;4564;3309;;
68;68895;Santander;Zapatoca;-73.26791008;6.8143389;9466;6274;3192;;
70;70001;Sucre;Sincelejo;-75.39548356;9.302333104;277773;249323;28450;;
70;70110;Sucre;Buenavista;-74.973015;9.319857278;10441;8317;2124;;
70;70124;Sucre;Caimito;-75.11714082;8.789323934;15231;3821;11410;;
70;70204;Sucre;Coloso;-75.35325675;9.494192858;8623;3832;4791;;
70;70215;Sucre;Corozal;-75.29316717;9.319105571;67371;51372;15999;;
70;70221;Sucre;Coveñas;-75.6918671;9.402463394;18250;10856;7394;;
70;70230;Sucre;Chalán;-75.31269631;9.545351624;4466;2853;1613;;
70;70233;Sucre;El Roble;-75.1988311;9.099531847;9944;4340;5604;;
70;70235;Sucre;Galeras;-75.04942002;9.159672619;21982;11997;9985;;
70;70265;Sucre;Guaranda;-74.53834542;8.464847043;17713;7122;10591;;
70;70400;Sucre;La Unión;-75.2760558;8.85397531;12349;5934;6415;;
70;70418;Sucre;Los Palmitos;-75.26874889;9.380228408;22880;11137;11743;;
70;70429;Sucre;Majagual;-74.6281014;8.540712996;36650;10205;26445;;
70;70473;Sucre;Morroa;-75.30619978;9.331319381;15061;9031;6030;;
70;70508;Sucre;Ovejas;-75.22908444;9.526687239;22871;11409;11462;;
70;70523;Sucre;Palmito;-75.54125915;9.333108298;14114;4905;9209;;
70;70670;Sucre;Sampués;-75.38019123;9.183205955;46455;23452;23003;;
70;70678;Sucre;San Benito Abad;-75.03116081;8.92997106;28673;5966;22707;;
70;70702;Sucre;San Juan de Betulia;-75.24356454;9.273065988;13535;6907;6628;;
70;70708;Sucre;San Marcos;-75.1323976;8.664828891;57672;32275;25397;;
70;70713;Sucre;San Onofre;-75.5230307;9.736932014;49633;19008;30625;;
70;70717;Sucre;San Pedro;-75.0634897;9.395963637;18590;12204;6386;;
70;70742;Sucre;San Luis de Sincé;-75.14603305;9.244195993;30773;22672;8101;;
70;70771;Sucre;Sucre;-74.72322511;8.811740746;29552;7205;22347;;
70;70820;Sucre;Santiago de Tolú;-75.58129872;9.525473229;32922;26401;6521;;
70;70823;Sucre;Tolú Viejo;-75.44082177;9.451844699;21339;6545;14794;;
73;73001;Tolima;Ibagué;-75.19371478;4.439608991;529635;492554;37081;;
73;73024;Tolima;Alpujarra;-74.93286382;3.391731289;4544;1991;2553;;
73;73026;Tolima;Alvarado;-74.95355714;4.567343598;8697;3236;5461;;
73;73030;Tolima;Ambalema;-74.76444089;4.782633993;6657;5261;1396;;
73;73043;Tolima;Anzoátegui;-75.09645074;4.627473618;10217;1469;8748;;
73;73055;Tolima;Armero;-74.884413;5.030678392;12696;8184;4512;;
73;73067;Tolima;Ataco;-75.38253426;3.590635737;19330;4820;14510;;
73;73124;Tolima;Cajamarca;-75.43548526;4.436672762;18471;9461;9010;;
73;73148;Tolima;Carmen de Apicalá;-74.71616942;4.147912057;10117;7627;2490;;
73;73152;Tolima;Casabianca;-75.12096615;5.078464508;6373;1720;4653;;
73;73168;Tolima;Chaparral;-75.48074305;3.723068376;50367;28615;21752;;
73;73200;Tolima;Coello;-74.89846435;4.28727555;8248;1482;6766;;
73;73217;Tolima;Coyaima;-75.1938783;3.79802798;22813;3836;18977;;
73;73226;Tolima;Cunday;-74.69222722;4.059259258;8745;2397;6348;;
73;73236;Tolima;Dolores;-74.89684475;3.539036003;8359;3503;4856;;
73;73268;Tolima;Espinal;-74.88544976;4.151314221;70494;50664;19830;;
73;73270;Tolima;Falan;-74.95300717;5.123103863;7693;1764;5929;;
73;73275;Tolima;Flandes;-74.81876746;4.27637165;28389;24551;3838;;
73;73283;Tolima;Fresno;-75.03562715;5.153638261;31069;15713;15356;;
73;73319;Tolima;Guamo;-74.96812715;4.031003906;32940;16656;16284;;
73;73347;Tolima;Herveo;-75.17715109;5.080227525;7363;2179;5184;;
73;73349;Tolima;Honda;-74.74157797;5.201508899;24693;23658;1035;;
73;73352;Tolima;Icononzo;-74.53197619;4.176436205;11887;3595;8292;;
73;73408;Tolima;Lérida;-74.91063436;4.862025346;18574;13735;4839;;
73;73411;Tolima;Líbano;-75.06342093;4.923442374;36773;23605;13168;;
73;73443;Tolima;Mariquita;-74.88929482;5.199691183;37770;27907;9863;;
73;73449;Tolima;Melgar;-74.6298504;4.208154892;36536;29749;6787;;
73;73461;Tolima;Murillo;-75.17078682;4.875071014;4113;1758;2355;;
73;73483;Tolima;Natagaima;-75.093478;3.624858538;14835;7841;6994;;
73;73504;Tolima;Ortega;-75.2226011;3.934916387;34607;6946;27661;;
73;73520;Tolima;Palocabildo;-75.02219757;5.120971969;9730;3000;6730;;
73;73547;Tolima;Piedras;-74.87807399;4.543908286;6711;2280;4431;;
73;73555;Tolima;Planadas;-75.64396147;3.19766147;25764;6736;19028;;
73;73563;Tolima;Prado;-74.92745557;3.751013234;8498;3745;4753;;
73;73585;Tolima;Purificación;-74.92864619;3.859379857;23536;13186;10350;;
73;73616;Tolima;Rioblanco;-75.64438767;3.52986323;22771;3724;19047;;
73;73622;Tolima;Roncesvalles;-75.60600233;4.01159776;5459;1875;3584;;
73;73624;Tolima;Rovira;-75.2408683;4.238932685;21674;10080;11594;;
73;73671;Tolima;Saldaña;-75.016069;3.926792658;14435;8502;5933;;
73;73675;Tolima;San Antonio;-75.48090671;3.912976052;12896;4351;8545;;
73;73678;Tolima;San Luis;-75.09578719;4.133720614;13553;3765;9788;;
73;73686;Tolima;Santa Isabel;-75.09793439;4.713605767;5769;2171;3598;;
73;73770;Tolima;Suárez;-74.83188311;4.048884259;3813;1539;2274;;
73;73854;Tolima;Valle de San Juan;-75.11566923;4.197493673;5345;2104;3241;;
73;73861;Tolima;Venadillo;-74.92917085;4.717966593;12817;8639;4178;;
73;73870;Tolima;Villahermosa;-75.1177291;5.030452282;9283;3364;5919;;
73;73873;Tolima;Villarrica;-74.60029555;3.936745138;5128;1968;3160;;
76;76001;Valle del Cauca;Cali;-76.52156515;3.414414305;2227642;2172527;55115;;
76;76020;Valle del Cauca;Alcalá;-75.77981387;4.674989542;14062;10398;3664;;
76;76036;Valle del Cauca;Andalucía;-76.1679212;4.171724416;22436;17413;5023;;
76;76041;Valle del Cauca;Ansermanuevo;-75.99198067;4.794922714;17448;10285;7163;;
76;76054;Valle del Cauca;Argelia;-76.11990571;4.726946265;5397;2852;2545;;
76;76100;Valle del Cauca;Bolívar;-76.18357386;4.337842204;16021;4414;11607;;
76;76109;Valle del Cauca;Buenaventura;-77.0117402;3.875802437;308188;235064;73124;;
76;76111;Valle del Cauca;Guadalajara de Buga;-76.29896113;3.900823544;127545;110905;16640;;
76;76113;Valle del Cauca;Bugalagrande;-76.15680774;4.208331592;24318;12670;11648;;
76;76122;Valle del Cauca;Caicedonia;-75.83031805;4.334609694;28825;23840;4985;;
76;76126;Valle del Cauca;Calima;-76.48439175;3.933524463;18054;11469;6585;;
76;76130;Valle del Cauca;Candelaria;-76.34642891;3.407766466;91825;23579;68246;;
76;76147;Valle del Cauca;Cartago;-75.94226404;4.758755098;135729;131641;4088;;
76;76233;Valle del Cauca;Dagua;-76.68887101;3.657308485;48443;10930;37513;;
76;76243;Valle del Cauca;El Águila;-76.04129907;4.90961334;8909;2407;6502;;
76;76246;Valle del Cauca;El Cairo;-76.22160351;4.7608831;6845;3198;3647;;
76;76248;Valle del Cauca;El Cerrito;-76.31172554;3.684258941;56470;35977;20493;;
76;76250;Valle del Cauca;El Dovio;-76.23708411;4.510452885;8886;5397;3489;;
76;76275;Valle del Cauca;Florida;-76.23450174;3.323918106;57374;40195;17179;;
76;76306;Valle del Cauca;Ginebra;-76.26806789;3.724181147;22741;10242;12499;;
76;76318;Valle del Cauca;Guacarí;-76.33136735;3.762909008;33191;20421;12770;;
76;76364;Valle del Cauca;Jamundí;-76.54245873;3.26227576;159877;123615;36262;;
76;76377;Valle del Cauca;La Cumbre;-76.56793222;3.649447161;16316;2901;13415;;
76;76400;Valle del Cauca;La Unión;-76.09960718;4.533783288;33953;26991;6962;;
76;76403;Valle del Cauca;La Victoria;-76.03652878;4.523603264;12174;9082;3092;;
76;76497;Valle del Cauca;Obando;-75.97468873;4.575722705;12312;8949;3363;;
76;76520;Valle del Cauca;Palmira;-76.29858255;3.532349153;349294;275254;74040;;
76;76563;Valle del Cauca;Pradera;-76.24182023;3.419827409;47615;41422;6193;;
76;76606;Valle del Cauca;Restrepo;-76.52311704;3.821348382;15307;10047;5260;;
76;76616;Valle del Cauca;Riofrío;-76.28831268;4.156904989;15554;7358;8196;;
76;76622;Valle del Cauca;Roldanillo;-76.15228663;4.4135962;36797;27626;9171;;
76;76670;Valle del Cauca;San Pedro;-76.22853779;3.994992607;16942;7571;9371;;
76;76736;Valle del Cauca;Sevilla;-75.93094058;4.267033273;42133;31816;10317;;
76;76823;Valle del Cauca;Toro;-76.0768535;4.608084546;14612;9968;4644;;
76;76828;Valle del Cauca;Trujillo;-76.31880894;4.212050806;19226;8857;10369;;
76;76834;Valle del Cauca;Tuluá;-76.19769968;4.085261239;212685;174951;37734;;
76;76845;Valle del Cauca;Ulloa;-75.73774747;4.702513911;5465;2549;2916;;
76;76863;Valle del Cauca;Versalles;-76.19920358;4.575018566;7263;4094;3169;;
76;76869;Valle del Cauca;Vijes;-76.44196521;3.698587929;12734;7899;4835;;
76;76890;Valle del Cauca;Yotoco;-76.38247445;3.861214584;16019;8326;7693;;
76;76892;Valle del Cauca;Yumbo;-76.49981978;3.528968908;107334;92630;14704;;
76;76895;Valle del Cauca;Zarzal;-76.07084935;4.392621473;41925;31812;10113;;
81;81001;Arauca;Arauca;-70.74635031;7.077358544;85585;74195;11390;;
81;81065;Arauca;Arauquita;-71.42675118;7.026981415;49841;13720;36121;;
81;81220;Arauca;Cravo Norte;-70.20428555;6.303912752;3925;2682;1243;;
81;81300;Arauca;Fortul;-71.7685578;6.797075753;18938;9886;9052;;
81;81591;Arauca;Puerto Rondón;-71.09774286;6.283851501;4399;2952;1447;;
81;81736;Arauca;Saravena;-71.87233343;6.95385957;55554;42415;13139;;
81;81794;Arauca;Tame;-71.75861086;6.449379486;43932;26784;17148;;
85;85001;Casanare;Yopal;-72.39691516;5.327612651;168433;143619;24814;;
85;85010;Casanare;Aguazul;-72.54630026;5.172690765;36915;26517;10398;;
85;85015;Casanare;Chameza;-72.87023558;5.214311749;2500;1499;1001;;
85;85125;Casanare;Hato Corozal;-71.76492254;6.156172443;12328;5167;7161;;
85;85136;Casanare;La Salina;-72.33388167;6.127825385;1417;636;781;;
85;85139;Casanare;Maní;-72.28139845;4.81682686;17211;11216;5995;;
85;85162;Casanare;Monterrey;-72.89503614;4.876845436;17537;12178;5359;;
85;85225;Casanare;Nunchía;-72.19507104;5.636662597;8826;1904;6922;;
85;85230;Casanare;Orocué;-71.33851792;4.790269665;12340;5376;6964;;
85;85250;Casanare;Paz de Ariporo;-71.89092396;5.88003657;36277;24933;11344;;
85;85263;Casanare;Pore;-71.9928596;5.727729878;11967;6822;5145;;
85;85279;Casanare;Recetor;-72.76114606;5.229493648;1634;312;1322;;
85;85300;Casanare;Sabanalarga;-73.03872338;4.854617866;3625;1781;1844;;
85;85315;Casanare;Sácama;-72.25027589;6.09697492;2090;1020;1070;;
85;85325;Casanare;San Luis de Palenque;-71.73292506;5.420887071;8466;3058;5408;;
85;85400;Casanare;Támara;-72.16182524;5.829826597;6873;1634;5239;;
85;85410;Casanare;Tauramena;-72.74725192;5.01920526;23527;14549;8978;;
85;85430;Casanare;Trinidad;-71.6633409;5.412214716;13233;6891;6342;;
85;85440;Casanare;Villanueva;-72.92746843;4.609799108;35305;26322;8983;;
86;86001;Putumayo;Mocoa;-76.65027142;1.152296118;56398;38457;17941;;
86;86219;Putumayo;Colón;-76.97230179;1.189825988;5407;3419;1988;;
86;86320;Putumayo;Orito;-76.87302769;0.663816899;37745;19833;17912;;
86;86568;Putumayo;Puerto Asís;-76.49727285;0.505046722;64867;38901;25966;;
86;86569;Putumayo;Puerto Caicedo;-76.60483235;0.684841656;16095;6089;10006;;
86;86571;Putumayo;Puerto Guzmán;-76.40852154;0.962922439;35390;4629;30761;;
86;86573;Putumayo;Leguízamo;-74.78247103;-0.191872849;28468;12755;15713;;
86;86749;Putumayo;Sibundoy;-76.91748216;1.200115733;14940;10059;4881;;
86;86755;Putumayo;San Francisco;-76.87923491;1.174218321;5645;3385;2260;;
86;86757;Putumayo;San Miguel;-76.91241019;0.343272204;18780;4912;13868;;
86;86760;Putumayo;Santiago;-77.00182343;1.14553777;7290;3476;3814;;
86;86865;Putumayo;Valle del Guamuez;-76.9059688;0.423904093;33457;14882;18575;;
86;86885;Putumayo;Villagarzón;-76.61716247;1.028941012;23700;13742;9958;;
88;88001;Archipiélago de San Andrés;San Andrés;-81.69606298;12.58301369;55291;41400;13891;;
88;88564;Archipiélago de San Andrés;Providencia;-81.3709116;13.37009985;5989;3493;2496;;
91;91001;Amazonas;Leticia;-69.94142671;-4.199836935;48144;33503;14641;;
91;91540;Amazonas;Puerto Nariño;-70.36451835;-3.780447632;9744;3544;6200;;
94;94001;Guainía;Inírida;-67.91883684;3.866161619;31514;20279;11235;;
94;94343;Guainía;Barranco Minas (ANM);-69.8132491;3.494005121;8088;0;8088;;
95;95001;Guaviare;San José del Guaviare;-72.63898622;2.566428399;52815;36354;16461;;
95;95015;Guaviare;Calamar;-72.655172;1.960108633;9528;4339;5189;;
95;95025;Guaviare;El Retorno;-72.62718599;2.330161549;13653;3355;10298;;
95;95200;Guaviare;Miraflores;-71.95054317;1.337574043;6771;1943;4828;;
97;97001;Vaupés;Mitú;-70.23475052;1.251190563;29850;9746;20104;;
97;97161;Vaupés;Caruru;-71.29779326;1.014597709;2915;1387;1528;;
97;97666;Vaupés;Taraira;-69.63900366;-0.56938554;2215;957;1258;;
99;99001;Vichada;Puerto Carreño;-67.486997;6.186864187;20936;14974;5962;;
99;99524;Vichada;La Primavera;-70.41042001;5.486337614;10122;5586;4536;;
99;99624;Vichada;Santa Rosalía;-70.85974134;5.136431386;4059;2383;1676;;
99;99773;Vichada;Cumaribo;-69.79553294;4.446352174;72691;2890;69801;;
